Country;1960;1961;1962;1963;1964;1965;1966;1967;1968;1969;1970;1971;1972;1973;1974;1975;1976;1977;1978;1979;1980;1981;1982;1983;1984;1985;1986;1987;1988;1989;1990;1991;1992;1993;1994;1995;1996;1997;1998;1999;2000;2001;2002;2003;2004;2005;2006;2007;2008;2009;2010;2011
Abkhazia;;;;;;;;;;;;;;;;;;;;;;;;;;;;;;;;;;;;;;;;;;;;;;;;;;;;
Afghanistan;;;;;;;;;;;;;;;;;;;;;;;;;;;;;;;;;;;;;;;;;;;;;;;;;;;;
Akrotiri and Dhekelia;;;;;;;;;;;;;;;;;;;;;;;;;;;;;;;;;;;;;;;;;;;;;;;;;;;;
Albania;;;;;;;;;;;;;;;;;;;;;1060.68;1099.51;1110.51;1101.34;1065.24;1059.87;1091.56;1054.25;1013.63;1092.47;977.77;687.99;643.29;714.24;784.58;899.78;990.65;895.56;1013.51;1118.17;1200.14;1281.84;1313.72;1381.04;1454.02;1525.72;1594.50;1681.61;1804.42;1857.35;1915.42;1965.71
Algeria;1280.38;1085.41;855.95;1128.42;1170.32;1215.02;1127.61;1200.56;1291.86;1359.49;1436.13;1235.66;1527.65;1538.31;1603.35;1632.30;1714.07;1747.67;1848.44;1923.29;1876.08;1869.62;1924.61;1963.37;2008.47;2020.09;1969.76;1902.06;1833.15;1864.71;1832.74;1766.66;1755.97;1680.38;1630.38;1660.00;1698.33;1690.24;1750.65;1781.14;1794.41;1814.42;1871.92;1971.51;2043.14;2115.19;2124.96;2155.49;2173.79;2192.70;2231.98;2255.23
American Samoa;;;;;;;;;;;;;;;;;;;;;;;;;;;;;;;;;;;;;;;;;;;;;;;;;;;;
Andorra;;;;;;;;;;;18256.27;18142.99;18646.94;19135.30;19304.37;18607.41;18511.40;18394.46;18038.60;17379.33;17013.70;16169.02;15514.66;14976.59;14554.76;14354.91;14444.46;14983.63;15517.49;15947.49;16070.07;15813.10;15194.46;14318.19;14092.42;14125.59;14662.74;16071.64;16755.22;17513.18;17539.44;19085.36;19430.05;19834.63;20254.35;20737.95;21595.40;21495.81;21943.34;;;
Angola;;;;;;;;;;;;;;;;;;;;;;;;;;362.48;362.35;381.16;392.77;384.42;372.79;357.31;322.09;234.67;235.20;251.90;272.29;286.00;297.42;298.57;298.41;297.90;329.57;328.78;353.23;404.27;473.14;562.99;622.57;619.82;623.25;629.96
Anguilla;;;;;;;;;;;;;;;;;;;;;;;;;;;;;;;;;;;;;;;;;;;;;;;;;;;;
Antigua and Barbuda;;;;;;;;;;;;;;;;;;3815.95;3962.54;4254.02;4639.19;4869.48;4936.89;5244.93;5850.66;6422.81;7360.35;8097.65;8651.25;9220.86;9454.02;9561.69;9484.40;9775.60;10136.70;9466.10;9844.76;10058.49;10237.41;9863.39;10143.37;9639.58;9753.31;10241.68;10599.28;11102.93;12452.28;13495.13;13352.17;11645.63;10614.79;9977.96
Argentina;5251.88;5448.30;5316.58;4956.22;5375.46;5855.61;5733.31;5833.05;6028.12;6515.36;6611.23;6872.76;6867.51;6940.17;7200.91;7081.66;6830.31;7193.57;6767.81;7349.62;7540.69;7004.46;6556.35;6707.06;6751.82;6146.16;6531.93;6623.37;6360.59;5800.06;5581.96;6203.45;6851.75;7162.09;7483.56;7179.94;7484.00;7994.12;8205.47;7839.51;7695.59;7283.06;6428.39;6933.16;7492.25;8107.98;8717.18;9388.69;9935.83;9933.23;10749.32;11601.63
Armenia;;;;;;;;;;;;;;;;;;;;;;;;;;;;;;;795.38;708.85;419.98;392.06;423.26;461.92;496.87;519.49;562.03;584.05;621.42;683.10;774.37;883.25;975.05;1109.03;1253.81;1424.19;1520.03;1302.46;1326.71;1384.09
Aruba;;;;;;;;;;;;;;;;;;;;;;;;;;;;12995.83;15394.32;16791.73;18467.96;18465.44;18178.84;17789.11;17827.54;18952.47;18550.77;19503.05;20408.20;20269.26;20589.77;19983.98;19009.17;18853.13;;;;;;;;
Australia;9407.69;9451.55;9351.02;9749.13;10231.14;10633.09;10635.68;11165.71;11533.03;12091.76;12708.92;12777.83;13034.08;13176.59;13375.98;13375.56;13590.09;13918.04;13879.19;14297.38;14555.95;14814.07;15040.85;14510.14;15027.67;15574.44;16024.03;16195.47;16832.70;17199.91;17553.38;17270.33;17137.56;17669.32;18191.16;18690.44;19183.14;19709.66;20387.77;21154.76;21708.04;21824.09;22402.99;22825.57;23498.26;23929.16;24295.08;24765.55;25190.72;25007.70;25190.84;25306.82
Austria;7434.18;7802.97;7960.71;8237.06;8683.45;8927.46;9365.31;9575.18;9951.61;10539.70;11085.10;11600.22;12248.95;12776.99;13258.09;13244.96;13875.87;14575.17;14556.24;15362.14;15628.12;15565.82;15867.51;16365.69;16375.11;16776.39;17151.58;17373.36;17920.57;18533.48;19192.07;19655.37;19847.22;19787.93;20185.42;20692.26;21174.05;21638.41;22432.91;23181.69;23974.18;24087.36;24375.11;24466.71;24945.05;25370.47;26171.69;27036.49;27305.92;26184.00;26642.99;27266.40
Azerbaijan;;;;;;;;;;;;;;;;;;;;;;;;;;;;;;;1250.74;1222.85;932.26;706.10;559.38;487.73;489.10;512.50;558.43;594.51;655.10;714.40;784.25;865.50;945.47;1182.92;1573.64;1945.64;2110.97;2259.88;2344.81;2338.90
Bahamas;11926.46;12558.30;13186.10;13858.52;14584.43;15374.34;16045.53;16866.15;17592.55;18516.80;16944.18;16773.32;15825.02;16681.08;13616.13;11368.41;11708.98;12508.24;13971.08;17236.66;17954.42;15939.87;16632.42;16855.97;18841.52;19359.50;19341.59;19571.05;19685.36;20653.87;19970.51;18789.35;17736.28;17466.21;17707.13;18195.25;18702.81;18853.24;19514.57;20665.69;21258.29;21530.37;21809.35;21228.08;21106.72;21507.72;21728.71;21721.62;20911.60;19619.12;19395.15;19466.99
Bahrain;;;;;;;;;;;;;;;;;;;;;11127.87;10136.48;9084.60;9409.41;9619.93;8896.29;8710.79;9286.89;9592.07;9308.55;9427.86;10201.12;10611.09;11691.79;11385.24;11541.88;11685.07;11679.36;11873.36;12077.11;12489.47;12976.21;13668.12;14536.89;14788.89;14775.63;14082.91;13373.22;12505.21;11600.71;11236.40;
Bangladesh;254.83;262.77;269.53;260.93;281.26;277.27;275.39;261.37;277.18;272.98;282.25;262.98;224.21;230.08;249.85;236.19;244.47;244.68;254.58;259.05;253.78;256.25;255.34;258.60;264.82;266.09;269.96;272.55;271.11;271.09;280.17;282.78;290.41;297.17;302.82;311.17;318.92;329.40;339.86;349.65;363.64;375.99;385.81;399.40;417.95;436.69;459.86;483.97;508.56;532.08;558.06;588.37
Barbados;3396.95;3646.65;3961.40;3744.02;3915.33;4347.90;4509.68;4978.13;5310.78;5693.66;6210.63;6420.05;6461.31;6504.71;6164.53;6379.77;6351.83;6613.63;7006.12;7527.67;7861.83;7581.70;7170.54;7149.00;7353.52;7356.83;8015.60;8063.65;8533.74;8930.26;8471.09;8197.55;7766.00;7820.33;8107.89;8204.38;8328.89;8833.05;9166.80;9375.66;9565.40;9058.90;8717.53;8873.57;9181.62;9454.34;9757.44;9783.98;9781.36;9243.59;;
Belarus;;;;;;;;;;;;;;;;;;;;;;;;;;;;;;;1409.78;1392.18;1255.82;1157.77;1023.51;920.03;948.96;1061.63;1156.30;1199.66;1273.05;1337.85;1411.76;1519.00;1701.45;1871.39;2067.61;2253.46;2510.28;2539.51;2739.95;2890.35
Belgium;7454.72;7799.89;8173.82;8465.98;8969.63;9205.04;9431.61;9742.06;10110.80;10750.64;11360.20;11791.49;12367.39;13115.31;13670.98;13363.54;14093.74;14164.49;14553.44;14880.77;15524.96;15482.01;15578.36;15628.18;16013.87;16273.54;16564.26;16931.90;17675.35;18222.22;18737.96;19010.67;19223.50;18964.37;19516.10;19939.71;20184.33;20887.61;21245.09;21946.75;22697.01;22801.78;23008.45;23097.21;23750.46;24033.78;24512.41;25034.67;25082.37;24190.59;24550.40;24733.63
Belize;950.42;963.11;974.77;987.47;1003.12;1021.89;1042.51;1067.78;1122.14;1157.37;1193.03;1222.44;1331.03;1385.88;1552.02;1579.64;1546.19;1606.72;1688.10;1765.48;1979.80;1953.27;1897.66;1820.57;1798.96;1772.01;1807.39;1955.04;2081.00;2309.74;2476.82;2666.27;2912.13;3004.32;2923.50;2867.58;2836.49;2834.89;2836.13;3026.78;3329.66;3392.85;3459.62;3664.65;3713.23;3705.05;3754.12;3680.92;3684.07;3561.35;3542.36;3490.23
Benin;256.98;261.65;249.21;257.20;270.12;279.89;285.10;283.22;288.84;291.60;291.90;281.68;293.45;297.66;300.66;279.29;275.04;281.69;278.09;288.72;300.30;321.46;319.79;297.56;312.41;326.81;324.93;311.49;313.30;295.61;295.78;299.65;301.03;300.89;303.57;307.55;315.08;325.18;330.74;336.71;345.95;352.25;356.61;358.77;358.25;357.25;360.66;366.04;373.51;376.62;377.04;378.05
Bermuda;19588.61;20009.63;20410.61;20153.28;21842.81;22334.44;25091.73;27876.08;27925.91;28350.64;29592.21;30833.69;31624.29;32332.11;32860.03;34355.58;37285.77;39336.80;39759.36;40462.40;43514.94;44223.43;41580.30;42108.26;42006.57;40870.94;42906.11;43821.95;44900.33;44418.58;43766.21;41873.29;41848.27;43107.31;43153.55;44759.87;45849.53;47881.13;49668.26;51348.36;56042.17;59314.23;58134.34;59963.43;61227.97;62143.34;65430.60;67138.52;67554.23;64094.36;63036.36;
Bhutan;;;;;;;;;;;;;;;;;;;;;244.56;271.01;273.38;297.07;302.57;306.57;331.72;412.49;419.62;440.84;484.11;484.52;515.53;538.04;575.98;622.48;654.66;679.80;703.64;739.47;768.75;808.07;868.22;907.21;933.83;974.71;1017.72;1175.93;1208.40;1267.48;1392.69;1445.76
Bolivia;894.76;893.33;922.32;959.81;983.41;1015.39;1056.90;1104.20;947.55;954.18;927.10;950.82;1001.88;1033.81;1038.56;1087.83;1110.98;1138.69;1135.00;1110.59;1071.00;1050.72;987.98;928.23;906.95;872.81;832.05;834.02;839.41;851.82;871.23;896.20;890.01;906.68;927.43;949.15;968.93;995.21;1023.38;1006.59;1010.91;1007.38;1012.13;1019.61;1042.41;1069.02;1101.04;1132.21;1182.46;1202.78;1232.69;1276.13
Bosnia and Herzegovina;;;;;;;;;;;;;;;;;;;;;;;;;;;;;;;;;;;387.87;486.82;927.23;1223.91;1368.22;1449.13;1490.64;1533.53;1603.04;1664.15;1766.30;1854.79;1969.48;2105.58;2222.56;2161.60;2183.26;2225.29
Botswana;237.52;246.68;256.71;265.01;275.67;283.78;293.31;301.66;323.57;361.09;409.66;499.03;610.18;715.57;751.68;785.90;837.15;901.86;991.45;1069.78;1153.97;1213.88;1314.69;1437.68;1509.21;1564.31;1638.16;1775.49;2055.76;2254.25;2335.83;2437.41;2437.70;2416.59;2438.87;2483.29;2559.72;2757.48;2986.01;3078.10;3204.12;3268.36;3516.21;3691.88;3865.86;3880.27;4025.40;4160.66;4223.23;3965.19;4189.69;4377.56
Brazil;1447.84;1549.41;1581.63;1548.13;1555.62;1558.15;1578.92;1613.14;1751.72;1874.41;1988.92;2160.35;2363.51;2630.92;2802.02;2879.31;3087.58;3154.72;3181.06;3317.54;3536.05;3302.64;3245.57;3064.15;3154.97;3334.00;3527.76;3584.07;3514.00;3564.64;3352.97;3347.81;3279.69;3380.13;3506.54;3606.01;3627.63;3693.28;3639.18;3594.87;3696.15;3692.84;3739.92;3733.99;3899.26;3976.62;4090.56;4297.82;4478.81;4424.76;4716.61;4803.40
British Virgin Islands;;;;;;;;;;;;;;;;;;;;;;;;;;;;;;;;;;;;;;;;;;;;;;;;;;;;
Brunei;;;;;;;;;;;;;;;23642.85;22733.55;26208.79;27930.67;28704.04;33931.09;30504.46;23693.68;23908.37;23352.97;22844.52;21882.63;20698.96;20530.50;20180.52;19409.33;19075.02;19126.48;19478.10;18997.88;19065.32;19395.52;19445.25;18685.24;18135.13;18253.78;18350.13;18441.35;18749.58;18896.53;18609.15;18311.88;18745.80;18416.91;17722.66;17092.46;17225.32;17301.34
Bulgaria;;;;;;;;;;;;;;;;;;;;;1294.03;1352.93;1380.42;1424.22;1469.15;1508.59;1572.48;1665.24;1845.42;1805.71;1670.95;1545.06;1448.16;1438.15;1469.28;1518.05;1388.11;1373.61;1450.03;1486.82;1579.35;1676.44;1789.09;1898.33;2036.55;2178.45;2332.36;2494.35;2661.64;2527.94;2555.18;2618.88
Burkina Faso;122.21;125.23;130.88;127.23;128.05;130.64;129.03;137.84;139.39;139.48;136.92;136.13;136.50;134.34;142.47;143.64;152.52;149.71;153.08;155.04;152.61;155.31;166.02;162.49;155.61;164.59;173.13;168.26;173.36;172.43;166.84;177.11;172.75;173.89;171.39;176.26;190.33;196.81;205.39;214.50;212.38;220.15;224.00;235.15;239.01;252.21;261.48;263.01;270.12;269.97;282.70;285.80
Burundi;116.01;98.31;105.37;107.84;112.58;114.92;117.92;131.57;128.67;124.65;149.15;151.68;140.88;149.54;147.14;146.31;155.32;169.66;164.15;162.56;159.56;173.62;166.39;166.99;161.81;175.08;175.08;179.06;182.60;180.11;181.95;186.95;185.25;170.81;161.98;147.45;134.47;131.45;136.76;134.09;131.05;131.16;133.77;128.61;130.98;128.30;131.17;133.29;135.86;136.66;138.25;140.81
Cambodia;;;;;;;;;;;;;;;;;;;;;;;;;;;;;;;;;;209.80;222.08;229.89;236.21;243.69;250.45;274.82;293.57;311.99;327.89;350.89;382.19;427.53;468.03;510.02;538.13;532.62;557.98;590.45
Cameroon;469.20;464.75;468.52;475.28;481.01;479.46;489.83;425.96;441.98;452.15;454.34;458.08;458.05;469.72;505.88;546.87;501.78;553.73;655.27;674.07;641.43;729.44;762.12;791.63;826.81;867.92;899.83;854.81;764.96;729.37;665.41;622.24;586.44;552.49;524.68;528.36;541.30;555.52;570.10;581.64;592.37;605.16;615.29;625.78;634.51;634.72;640.76;647.94;650.04;648.49;653.03;665.80
Canada;9374.88;9479.82;9967.37;10290.36;10774.65;11283.61;11804.67;11932.17;12362.93;12837.47;12986.31;13320.19;13823.29;14537.59;14806.31;14793.71;15358.41;15703.90;16161.77;16610.17;16751.34;17124.39;16435.47;16713.70;17516.24;18183.73;18437.71;18971.41;19659.67;19817.99;19561.88;18893.80;18826.66;19057.23;19781.71;20169.54;20276.45;20911.11;21580.32;22586.44;23559.50;23738.90;24214.93;24425.88;24936.83;25437.65;25943.74;26229.74;26101.76;25069.87;25575.22;25933.29
Cape Verde;;;;;;;;;;;;;;;;;;;;;559.92;601.85;607.82;650.54;660.18;704.31;715.18;738.91;776.54;811.71;804.38;798.49;802.34;837.81;871.95;913.90;952.84;1003.95;1066.94;1171.03;1233.26;1285.84;1330.91;1371.16;1409.16;1481.69;1613.58;1735.88;1827.02;1878.47;1958.89;2038.88
Cayman Islands;;;;;;;;;;;;;;;;;;;;;;;;;;;;;;;;;;;;;;;;;;;;;;;;;;;;
Central African Republic;355.82;367.17;347.30;338.51;338.98;335.49;330.82;339.10;336.68;353.13;354.14;351.22;344.57;344.43;359.12;353.18;364.40;369.88;365.62;347.76;323.40;309.40;323.40;288.28;306.65;310.34;313.84;291.89;290.74;290.21;277.57;269.37;245.73;240.25;245.69;257.03;241.04;248.17;254.31;258.20;247.03;244.19;238.79;218.36;217.08;218.66;223.10;227.27;227.60;227.17;229.58;232.62
Chad;253.94;252.09;259.95;250.31;238.82;235.20;226.18;223.26;217.68;227.74;226.86;216.63;213.86;191.21;196.01;208.96;210.73;211.18;206.11;158.71;146.00;144.29;148.52;167.67;166.72;197.53;184.00;174.16;194.87;198.04;183.94;193.64;202.91;165.96;177.32;174.07;172.48;176.61;182.96;175.83;168.45;181.56;189.99;210.28;271.47;308.40;299.88;292.14;283.28;272.63;300.11;301.40
Channel Islands;;;;;;;;;;;;;;;;;;;;;;;;;;;;;;;;;;;;;;;40765.91;42080.56;44310.90;43441.72;42548.76;41008.40;40905.62;41246.19;42994.35;45226.03;;;;
Chile;1841.08;1867.61;1915.33;1982.23;1986.33;1948.83;2096.92;2128.05;2163.99;2196.27;2201.35;2356.71;2296.67;2146.53;2164.77;1889.54;1925.68;2064.24;2188.20;2345.43;2500.27;2579.57;2277.39;2156.14;2290.18;2412.90;2505.83;2626.63;2771.19;3011.18;3067.65;3252.58;3585.44;3766.80;3912.85;4258.24;4504.72;4734.56;4822.82;4984.10;5144.59;5254.02;5306.72;5455.93;5723.69;5979.07;6190.11;6410.81;6581.36;6451.63;6781.70;7122.94
China;105.46;77.66;72.32;77.87;88.13;100.14;107.81;99.08;92.57;105.29;122.29;127.31;128.93;135.98;136.26;145.52;141.00;149.66;164.95;175.13;186.44;193.64;208.17;227.55;258.72;289.68;310.51;341.02;373.49;382.89;391.65;421.89;475.93;536.36;599.80;657.99;716.25;774.88;827.35;882.55;949.18;1020.52;1105.95;1208.99;1323.22;1464.11;1640.86;1864.10;2032.61;2208.40;2426.33;2639.54
Christmas Island;;;;;;;;;;;;;;;;;;;;;;;;;;;;;;;;;;;;;;;;;;;;;;;;;;;;
Cocos Island;;;;;;;;;;;;;;;;;;;;;;;;;;;;;;;;;;;;;;;;;;;;;;;;;;;;
Colombia;1188.25;1214.20;1243.08;1241.81;1285.30;1285.79;1315.35;1331.51;1377.66;1428.13;1488.35;1538.56;1618.11;1688.04;1745.08;1744.17;1786.68;1818.35;1927.25;1984.91;2019.85;2019.67;1993.95;1981.47;2003.99;2022.21;2095.75;2163.12;2205.63;2235.87;2324.84;2332.36;2403.77;2415.21;2509.62;2592.71;2599.01;2641.02;2610.19;2458.02;2511.97;2512.52;2534.33;2592.38;2688.51;2772.21;2913.48;3068.48;3131.18;3137.70;3218.07;3362.47
Comoros;;;;;;;;;;;;;;;;;;;;;412.37;413.32;425.19;431.79;436.23;433.59;429.82;425.68;426.35;402.82;413.20;381.58;404.27;406.47;375.74;379.79;365.59;370.75;365.93;363.37;358.95;361.21;366.30;365.44;354.90;360.07;354.84;347.10;341.22;338.30;336.48;335.22
Congo, Dem. Rep.;324.90;282.30;333.40;341.68;324.49;318.80;330.88;318.26;322.48;342.46;331.97;342.15;333.29;350.58;351.56;324.62;298.49;291.90;268.14;261.47;259.67;258.48;250.35;247.05;253.60;247.59;251.81;250.98;244.46;233.44;210.39;185.29;159.16;132.23;122.40;119.30;114.87;105.91;101.98;95.50;86.75;82.66;83.08;85.28;88.24;92.37;94.77;97.91;101.10;101.17;105.53;109.81
Congo, Rep.;617.74;652.34;668.52;624.68;631.19;636.70;627.73;623.35;652.18;681.43;703.67;735.69;774.96;813.29;851.00;889.60;871.62;770.83;796.54;849.79;970.97;1109.00;1330.85;1367.91;1421.33;1364.79;1235.79;1204.15;1192.17;1190.26;1170.02;1166.30;1165.30;1123.53;1033.59;1045.78;1060.60;1024.54;1033.35;979.61;1026.83;1040.15;1062.81;1047.17;1058.24;1112.10;1150.39;1101.22;1130.54;1182.58;1253.80;1266.36
Cook Is;;;;;;;;;;;;;;;;;;;;;;;;;;;;;;;;;;;;;;;;;;;;;;;;;;;;
Costa Rica;1797.97;1719.66;1795.49;1817.03;1829.67;1945.90;2035.71;2088.61;2201.30;2262.93;2371.56;2471.68;2612.36;2749.97;2835.32;2825.09;2905.86;3082.04;3187.50;3254.09;3189.04;3031.48;2733.29;2734.29;2824.58;2776.89;2859.07;2974.96;3008.20;3079.73;3119.63;3121.37;3325.27;3486.85;3564.27;3613.88;3555.54;3660.07;3869.52;4088.30;4068.82;4026.56;4061.98;4241.89;4344.08;4521.01;4836.67;5137.49;5196.69;5066.97;5226.57;5367.80
Cote d'Ivoire;550.69;583.09;567.79;624.84;706.22;657.59;705.24;708.99;766.61;806.01;852.93;894.12;891.89;903.55;900.94;931.75;1004.89;1029.96;1091.20;1067.71;909.01;900.07;863.43;795.24;742.66;746.15;742.08;713.40;696.86;693.31;662.87;641.21;618.80;598.02;584.53;608.12;637.21;656.16;670.61;665.97;628.23;616.52;597.52;578.97;580.17;578.03;572.30;572.10;574.94;585.30;587.54;548.23
Croatia;;;;;;;;;;;;;;;;;;;;;;;;;;;;;;;;;;;;3900.58;4292.39;4495.24;4656.42;4554.23;4861.68;5023.53;5268.59;5551.57;5782.07;6025.46;6325.67;6651.74;6793.45;6328.63;6255.24;6270.04
Cuba;;;;;;;;;;;1777.66;1896.66;1954.09;1988.12;1977.82;2137.22;2228.53;2400.24;2538.69;2549.21;2411.28;2871.37;3113.78;3267.94;3508.54;3540.64;3514.02;3395.64;3484.17;3471.96;3338.79;2958.33;2597.94;2198.38;2202.48;2245.63;2410.96;2468.39;2463.46;2607.25;2752.55;2831.00;2862.39;2962.27;3125.70;3469.89;3884.80;4165.60;4337.78;4402.31;4495.05;
Cyprus;;;;;;;;;;;;;;;;3846.25;4663.38;5425.75;5826.08;6353.60;6646.54;6701.63;7021.60;7352.67;7893.66;8179.03;8385.26;8880.60;9546.71;10159.57;10681.76;10485.78;11170.28;10980.09;11389.89;11867.55;11895.84;12003.85;12455.57;12913.95;13421.66;13812.27;13926.55;13952.07;14206.96;14411.32;14719.26;15248.87;15620.67;15227.17;15328.33;15378.17
Czech Republic;;;;;;;;;;;;;;;;;;;;;;;;;;;;;;;5401.38;4785.47;4756.38;4754.38;4890.94;5198.40;5440.71;5400.16;5392.51;5488.68;5724.84;5922.82;6068.86;6295.88;6588.90;7020.19;7488.67;7868.32;8041.97;7633.49;7799.51;7926.94
Czechoslovakia;;;;;;;;;;;;;;;;;;;;;;;;;;;;;;;;;;;;;;;;;;;;;;;;;;;;
Denmark;11390.67;12032.96;12616.25;12597.00;13655.16;14166.37;14438.25;14815.00;15310.39;16188.62;16392.97;16768.14;17368.58;17912.90;17684.21;17417.92;18432.89;18739.20;19105.99;19811.98;19691.43;19522.33;20262.27;20813.88;21692.26;22556.11;23640.83;23679.36;23634.09;23755.24;24097.91;24348.01;24747.03;24642.62;25916.55;26572.15;27171.14;27923.92;28423.79;29055.27;29980.16;30083.48;30127.22;30160.70;30773.71;31439.44;32400.06;32767.40;32320.10;30326.04;30667.82;30860.13
Djibouti;;;;;;;;;;;;;;;;;;;;;;;;;;;;;;;1173.83;1086.23;1062.66;977.34;952.89;900.10;839.09;806.16;779.81;771.45;753.12;750.42;754.29;764.10;779.24;789.39;811.90;837.28;869.09;895.32;;
Dominica;;;;;;;;;;;;;;;;;;2202.69;2434.54;1967.44;2236.37;2504.56;2615.32;2700.77;2867.86;2927.38;3160.97;3429.49;3755.45;3772.62;3988.44;4017.45;4092.77;4148.76;4198.17;4280.24;4404.42;4491.41;4743.58;4679.64;4657.02;4669.03;4579.14;4924.82;5082.32;5052.62;5290.61;5596.62;6071.02;6451.44;6529.53;6518.66
Dominican Republic;912.47;862.07;976.19;1006.28;1040.43;882.38;970.82;973.36;947.36;1020.71;1173.24;1265.43;1359.81;1495.25;1544.73;1584.62;1650.25;1691.38;1687.35;1723.22;1818.07;1852.92;1842.04;1884.42;1866.14;1787.02;1810.59;1952.03;1952.99;1997.49;1850.70;1831.22;1984.33;2087.09;2095.66;2171.30;2286.16;2428.20;2556.58;2685.21;2792.92;2799.69;2916.78;2865.85;2860.65;3080.32;3360.41;3594.07;3730.91;3807.81;4049.04;4176.34
East Germany;;;;;;;;;;;;;;;;;;;;;;;;;;;;;;;;;;;;;;;;;;;;;;;;;;;;
Ecuador;820.31;809.10;821.47;828.37;866.86;868.05;841.74;874.10;868.15;888.63;928.39;959.72;974.90;1099.97;1157.88;1218.66;1274.64;1267.46;1315.91;1346.17;1367.52;1375.31;1331.02;1263.23;1277.74;1281.53;1300.34;1241.26;1312.86;1294.74;1299.21;1336.35;1327.25;1303.47;1337.83;1336.08;1344.59;1376.52;1383.79;1276.49;1291.34;1337.82;1382.48;1403.49;1501.80;1562.33;1610.97;1618.87;1710.53;1692.07;1728.05;1837.01
Egypt;430.36;437.61;455.53;484.05;510.15;543.16;535.15;525.15;526.26;548.70;565.98;572.26;571.04;562.61;564.12;601.17;673.97;743.66;769.05;797.00;856.60;868.06;931.63;976.89;1011.74;1052.85;1054.89;1055.70;1085.78;1114.51;1153.68;1143.81;1173.21;1186.81;1213.51;1248.73;1289.08;1337.01;1367.34;1425.76;1475.84;1500.52;1507.93;1527.27;1560.38;1600.32;1678.95;1765.87;1858.86;1911.96;1975.55;1976.61
El Salvador;1448.83;1454.73;1577.80;1593.71;1687.88;1724.39;1793.60;1837.39;1844.50;1857.15;1861.49;1882.64;1946.63;1990.63;2047.07;2059.50;2117.44;2215.47;2289.14;2154.46;1869.28;1648.01;1521.74;1523.92;1523.85;1513.30;1496.87;1515.35;1524.36;1518.81;1570.05;1602.02;1696.19;1793.29;1875.00;1970.70;1984.25;2051.60;2114.41;2175.12;2211.02;2239.12;2283.02;2327.64;2362.75;2438.14;2523.52;2609.09;2629.94;2534.81;2555.89;2579.12
Equatorial Guinea;;;;;;;;;;;;;;;;;;;;;;;;;;621.48;578.35;581.49;578.48;554.61;554.98;530.72;567.93;583.43;592.82;655.14;818.69;1356.52;1601.04;2192.89;2388.35;3779.94;4375.26;4832.69;6467.83;6888.77;6774.48;7994.39;8603.11;8750.18;8465.57;8875.14
Eritrea;;;;;;;;;;;;;;;;;;;;;;;;;;;;;;;;;134.92;153.24;185.44;189.17;203.48;214.83;212.70;206.02;172.76;201.50;199.12;185.81;180.97;178.67;170.88;167.80;146.81;148.00;146.78;154.81
Eritrea and Ethiopia;;;;;;;;;;;;;;;;;;;;;;;;;;;;;;;;;;;;;;;;;;;;;;;;;;;;
Estonia;;;;;;;;;;;;;;;;;;;;;;;;;;;;;;;;;;;;2857.31;3070.57;3470.32;3742.41;3760.75;4143.93;4421.71;4730.72;5117.24;5459.04;5956.42;6570.33;7072.44;6783.90;5831.01;6025.71;6525.54
Ethiopia;;;;;;;;;;;;;;;;;;;;;;140.67;138.01;144.79;136.19;117.15;124.41;137.18;133.49;128.72;127.89;114.80;101.34;110.86;110.72;113.87;124.25;124.52;116.95;119.72;123.68;130.51;129.16;123.25;136.62;149.19;161.59;176.11;190.86;203.21;218.66;229.68
Faeroe Islands;;;;;;;;;;;;;;;;;;;;;;;;;;;;;;;;;;;;;;;;;23224.10;;;;;;;;;;;
Falkland Is (Malvinas);;;;;;;;;;;;;;;;;;;;;;;;;;;;;;;;;;;;;;;;;;;;;;;;;;;;
Fiji;1111.13;1111.31;1111.98;1143.01;1160.84;1096.77;1068.11;1181.96;1247.46;1252.78;1382.43;1446.87;1523.05;1665.25;1674.48;1650.64;1664.26;1730.90;1731.07;1904.58;1833.58;1902.60;1742.67;1631.65;1730.79;1624.80;1734.08;1612.40;1625.30;1742.22;1833.18;1767.02;1851.80;1864.73;1932.33;1955.29;2025.48;1959.81;1966.65;2123.16;2074.75;2108.29;2171.61;2190.63;2301.77;2308.16;2335.32;2295.44;2296.10;2243.82;2218.15;2242.69
Finland;7306.04;7806.36;7984.66;8188.86;8570.04;8994.46;9173.44;9321.78;9493.76;10410.57;11007.47;11252.69;12051.20;12819.83;13165.63;13343.90;13349.55;13344.14;13694.38;14632.24;15372.88;15504.39;15887.87;16271.03;16687.27;17166.60;17562.97;18124.43;19015.40;19908.96;19921.02;18623.78;17874.03;17643.55;18209.53;18858.96;19468.16;20614.91;21594.65;22386.63;23529.54;24012.16;24393.38;24825.01;25774.06;26435.02;27495.24;28839.22;28789.54;26205.69;26953.22;27570.49
France;7499.89;7809.49;8215.26;8534.03;8970.92;9289.07;9674.40;10039.63;10386.02;11029.24;11572.97;12093.53;12540.90;13265.17;13787.35;13546.40;14065.38;14502.01;15005.48;15459.35;15641.97;15716.90;16011.14;16117.64;16265.14;16432.99;16708.22;17009.83;17704.05;18346.29;18731.66;18836.73;19029.93;18822.70;19166.20;19478.18;19606.05;19952.91;20539.07;21146.40;21774.99;22014.02;22057.64;22098.99;22495.24;22734.23;23133.35;23516.22;23366.40;22508.76;22758.15;23016.85
French Guiana;;;;;;;;;;;;;;;;;;;;;;;;;;;;;;;;;;;;;;;;;;;;;;;;;;;;
French Polynesia;;;;;;8675.78;9178.66;8434.02;9348.36;8779.50;8621.10;9342.47;8624.45;9012.61;10312.11;9508.80;9976.66;9876.99;10528.89;10616.85;10354.35;10907.30;11649.58;11933.71;12236.91;12563.19;13280.73;13886.10;13895.82;13998.88;14003.26;14388.88;14231.77;13970.48;13810.09;13608.05;13377.72;13359.16;13908.60;14194.82;14507.54;;;;;;;;;;;
Gabon;1826.71;2085.03;2226.71;2346.71;2436.36;2619.84;2716.91;2805.37;2847.89;3040.43;3253.24;3519.18;3832.35;4120.79;5602.71;6506.10;8594.75;7315.26;5406.90;5283.28;5265.34;5373.96;5054.61;5179.04;5400.01;5113.42;4917.14;3949.08;4318.83;4541.66;4626.78;4753.11;4459.12;4489.10;4513.87;4600.58;4635.67;4772.78;4815.00;4279.80;4102.62;4097.56;3999.95;4015.11;3988.36;4029.27;3999.64;4143.33;4161.43;4027.57;4213.88;4333.81
Gambia;;;;;;;495.25;485.19;519.89;519.62;536.95;520.96;505.78;534.51;547.56;596.06;620.51;622.79;642.28;613.85;630.48;628.44;600.75;640.42;635.85;603.27;599.08;584.64;582.19;589.46;586.30;583.32;584.07;584.27;568.90;558.01;554.60;565.73;569.34;588.83;603.60;620.15;582.40;604.07;627.76;603.99;593.58;598.08;615.08;636.99;660.24;614.91
Georgia;;;;;;859.82;914.10;961.75;995.54;1033.39;1190.77;1207.53;1183.94;1249.63;1347.95;1436.80;1513.46;1606.84;1716.17;1829.14;1896.79;1980.39;2003.00;2070.88;2164.70;2251.85;2049.47;2058.68;2151.64;1991.59;1697.52;1329.96;727.15;510.16;461.76;486.53;554.84;624.64;650.40;674.29;692.00;730.53;775.71;867.08;920.13;998.53;1083.09;1219.45;1249.00;1194.46;1257.18;1334.65
Germany;;;;;;;;;;;11895.37;12245.52;12711.16;13276.55;13389.50;13323.03;14042.50;14545.43;14996.07;15611.56;15798.70;15858.14;15810.55;16101.31;16613.17;17037.95;17419.69;17636.83;18219.35;18783.46;19600.84;20452.54;20685.69;20344.22;20774.89;21061.30;21166.48;21502.72;21899.75;22295.10;22945.71;23254.04;23217.33;23117.36;23390.86;23564.39;24463.85;25297.39;25620.08;24368.20;25420.28;26206.55
Ghana;282.11;282.72;285.26;288.97;287.17;283.75;265.59;268.25;264.05;274.19;294.00;301.37;285.65;285.54;297.03;254.07;240.34;241.71;257.92;246.64;241.95;226.76;204.18;188.15;197.49;200.94;205.17;209.07;214.97;219.91;221.07;226.28;228.46;232.85;234.01;237.29;242.06;246.20;251.77;256.74;259.99;263.96;269.23;276.41;284.85;294.41;305.75;317.74;336.35;341.55;360.32;402.70
Gibraltar;;;;;;;;;;;;;;;;;;;;;;;;;;;;;;;;;;;;;;;;;;;;;;;;;;;;
Greece;3385.66;3733.43;3768.16;4134.74;4460.00;4856.14;5114.44;5351.02;5670.61;6209.26;6687.94;7181.13;7859.49;8457.02;7883.46;8307.04;8739.43;8880.16;9401.00;9589.25;9559.82;9327.29;9164.97;9013.53;9149.06;9342.31;9359.67;9117.71;9474.19;9783.02;9718.10;9922.27;9882.29;9635.29;9746.50;9875.02;10037.33;10337.45;10627.60;10942.83;11396.23;11839.32;12204.60;12887.77;13404.23;13657.71;14352.84;14801.55;14711.61;14192.63;13452.02;12509.01
Greenland;;;;;;;;;;;9242.25;10272.25;10658.41;11221.19;11741.69;11793.74;12471.41;13654.10;14534.47;15118.02;16233.29;16084.95;15224.79;15569.75;14595.21;14986.68;15960.33;16653.91;17362.48;18351.30;16113.20;16123.92;15355.05;14609.42;15391.29;15879.35;16093.40;16300.64;17533.93;17775.53;19004.00;19193.94;18920.57;18796.94;19248.85;19621.62;20556.63;21773.93;21937.29;20751.89;;
Grenada;;;;;;;;;;;;;;;;;;2012.46;2148.20;2290.29;2269.11;2248.80;2295.87;2291.88;2341.58;2493.67;2692.97;3016.32;3161.69;3395.01;3593.24;3669.37;3630.43;3495.04;3551.46;3609.49;3735.66;3894.99;4142.42;5036.58;5154.12;5035.77;5208.04;5696.62;5623.72;6366.45;6102.64;6443.54;6487.67;6036.88;6011.85;6047.20
Guadeloupe;;;;;;;;;;;;;;;;;;;;;;;;;;;;;;;;;;;;;;;;;;;;;;;;;;;;
Guam;;;;;;;;;;;;;;;;;;;;;;;;;;;;;;;;;;;;;;;;;;;;;;;;;;;;
Guatemala;959.16;973.55;980.96;1045.78;1064.99;1081.82;1111.16;1126.27;1192.63;1216.02;1251.19;1285.64;1342.82;1395.62;1445.68;1436.25;1504.15;1582.46;1621.99;1658.02;1679.02;1648.77;1551.59;1474.68;1446.19;1403.34;1372.78;1389.07;1410.62;1433.24;1444.31;1463.05;1498.70;1521.83;1547.03;1586.72;1596.86;1629.17;1671.98;1696.57;1716.69;1714.68;1737.56;1737.62;1748.15;1760.80;1810.30;1877.75;1892.33;1855.82;1862.67;1886.42
Guernsey;;;;;;;;;;;;;;;;;;;;;;;;;;;;;;;;;;;;;;;;;;;;;;;;;;;;
Guinea;;;;;;;;;;;;;;;;;;;;;;;;;;;339.60;342.37;354.04;355.42;354.50;344.37;334.59;330.75;325.95;326.74;330.80;340.25;346.98;355.24;358.96;366.48;379.47;378.10;380.62;385.43;388.16;387.75;399.00;389.64;388.42;394.12
Guinea-Bissau;;;;;;;;;;;172.56;162.86;169.10;166.01;167.88;174.68;176.42;157.35;171.15;168.41;137.24;158.10;161.32;153.06;164.16;167.97;163.54;165.06;169.27;176.05;183.08;188.57;186.79;186.84;188.93;193.32;211.52;220.89;155.77;164.70;173.66;170.68;155.53;151.58;151.93;154.11;154.26;155.99;157.75;159.15;161.29;166.35
Guyana;688.86;701.53;690.46;589.86;639.73;688.67;705.50;716.50;705.83;738.88;757.00;770.88;739.20;744.21;797.28;859.26;865.12;834.22;811.60;791.38;802.92;816.26;712.33;669.23;641.38;662.77;662.64;674.42;654.63;626.25;609.91;647.74;698.31;754.32;816.76;855.80;921.99;978.39;960.73;987.86;972.13;990.99;997.77;983.85;1012.41;989.28;1037.13;1107.35;1126.97;1162.15;1210.57;
Haiti;;;;;;;;;;;;;;;;;;;;;;;;;;;;;;;;513.44;476.39;441.60;381.20;410.80;419.57;422.76;424.03;427.61;423.87;412.46;404.78;399.97;380.18;381.42;384.59;392.09;390.21;396.23;369.94;385.58
Holy See;;;;;;;;;;;;;;;;;;;;;;;;;;;;;;;;;;;;;;;;;;;;;;;;;;;;
Honduras;751.20;740.48;757.51;759.09;775.07;819.98;839.86;866.36;899.62;882.06;889.84;900.30;925.88;970.56;930.97;922.73;988.85;1057.96;1127.67;1143.61;1115.74;1109.06;1060.54;1019.20;1031.77;1043.07;1019.63;1049.57;1066.32;1080.88;1051.79;1056.28;1085.76;1123.31;1080.77;1097.57;1110.83;1140.51;1148.53;1103.30;1142.71;1149.95;1169.13;1197.91;1247.32;1296.62;1354.50;1409.98;1440.68;1382.13;1392.32;1414.07
Hong Kong, China;;;;;;5488.83;5538.08;5486.45;5553.64;6085.69;6486.34;6810.93;7390.65;8067.34;8085.66;7893.43;9054.89;9971.62;10601.54;11197.69;12004.70;12812.03;12986.76;13555.44;14761.60;14714.45;16138.98;18085.62;19495.64;19734.06;20424.27;21410.59;22555.35;23546.10;24411.37;24500.84;24435.19;25468.41;23770.93;24135.17;25756.66;25710.93;26021.39;26869.67;28980.44;30985.90;32952.71;34734.55;35210.31;34216.93;36207.71;37958.23
Hungary;1050.37;1094.76;1157.80;1220.62;1273.96;1809.23;1937.25;2074.80;2168.15;2308.09;2407.41;2549.37;2696.83;2873.63;3029.62;3198.60;3295.56;3529.59;3672.20;3764.54;3769.62;3877.42;3989.93;4024.82;4140.08;4137.12;4207.79;4385.61;4389.47;4470.21;4358.70;3840.58;3724.36;3707.13;3821.61;3883.94;3896.87;4026.84;4200.63;4347.25;4542.72;4722.18;4949.03;5154.34;5413.57;5639.39;5868.30;5884.14;5947.16;5551.43;5633.99;5745.98
Iceland;10109.91;9906.41;10532.96;11411.20;12321.78;13002.85;13901.35;13505.51;12592.68;12772.47;13653.09;15311.97;16021.60;16855.73;17578.13;17466.89;18324.96;19793.74;20821.52;21620.97;22622.90;23320.26;23506.41;22698.22;23385.40;23965.92;25282.82;27144.43;26698.63;26438.18;26540.14;26175.64;24976.66;25048.72;25728.69;25619.33;26700.68;27784.00;29224.42;30055.27;30928.68;31717.15;31478.98;32022.78;34230.18;36128.59;36952.19;38185.33;37927.12;35310.97;33943.12;34706.19
India;180.96;183.96;185.54;192.66;202.75;193.29;189.10;199.54;201.83;210.31;216.24;214.83;208.77;210.69;208.25;222.01;220.42;230.87;238.35;220.60;230.01;238.23;240.91;252.65;256.45;263.96;270.51;275.15;295.20;306.17;316.43;313.27;323.86;332.61;347.95;367.28;387.74;396.18;413.29;440.57;450.42;464.97;475.46;505.25;536.60;577.66;621.90;673.00;689.27;735.63;794.80;837.75
Indonesia;200.65;207.75;206.55;196.93;198.67;195.53;196.03;193.22;210.99;221.03;233.03;243.08;255.71;273.77;289.13;299.58;309.95;328.81;350.75;367.03;390.01;412.34;407.69;432.58;453.86;460.11;478.02;493.86;515.69;552.64;592.10;634.27;669.14;706.51;748.32;799.31;848.25;875.96;750.81;746.79;773.31;791.08;816.02;844.18;875.73;914.60;953.94;1003.36;1052.43;1089.72;1145.39;1206.99
Iran;;;;;;965.06;1037.55;1117.22;1223.34;1344.66;1438.31;1583.06;1793.57;1843.47;1962.05;2016.29;2303.84;2204.42;1974.67;1772.98;1485.01;1357.30;1477.01;1601.64;1518.01;1492.49;1306.18;1241.65;1123.95;1157.06;1281.08;1411.53;1445.85;1401.63;1376.10;1390.18;1462.98;1484.67;1496.91;1498.67;1550.09;1583.44;1679.66;1776.73;1844.52;1906.59;1994.65;2125.03;2148.23;2161.55;;
Iraq;;;;;;;;;;;;;;;;;;;;;;;;;;;;;;;;;;;;;;723.24;945.91;1145.36;1063.48;968.43;870.55;498.22;711.63;688.97;710.21;699.71;743.69;752.18;736.27;786.33
Ireland;;;;;;;;;;;7377.50;7544.70;7915.82;8157.66;8365.45;8694.42;8683.65;9270.29;9796.54;9963.95;10153.25;10368.74;10505.71;10406.01;10792.04;11107.25;11054.65;11568.93;12224.71;12986.80;14074.44;14263.79;14640.44;14959.69;15758.50;17188.39;18664.81;20495.91;21865.42;23764.16;25629.65;26433.75;27518.57;28200.08;28937.33;29825.53;30669.37;31543.60;30130.64;27814.12;27599.30;27715.53
Isle of Man;;;;;;;;;;;;;;;;;;;;;;;;;8217.08;8220.91;9674.76;10436.37;11421.02;11963.03;12278.15;12360.95;12398.51;12685.09;13148.82;13624.51;14529.84;15579.28;17438.76;19559.69;20359.46;21239.97;22294.28;23526.41;24572.13;25831.92;27612.48;29462.26;;;;
Israel;5824.52;6266.69;6578.00;7018.34;7281.57;7671.00;7472.47;7371.04;8390.94;9284.13;9637.61;10387.55;11510.29;11423.29;11846.88;11963.67;11853.49;11590.10;11895.41;12322.43;12856.72;13252.02;13240.70;13458.49;13403.80;13623.54;14057.13;14826.10;14877.62;14754.48;15282.69;15498.21;15814.40;16255.31;16937.81;17568.40;18054.29;18202.50;18523.48;18663.74;19859.30;19353.34;18858.29;18800.93;19366.34;19967.98;20715.57;21469.53;21941.11;21602.21;22239.05;22859.68
Italy;5847.46;6285.22;6630.12;6951.16;7087.09;7257.33;7632.11;8120.99;8597.99;9070.81;9502.12;9629.86;9928.72;10564.34;11072.70;10776.70;11487.14;11731.33;12068.37;12750.62;13160.83;13256.01;13300.98;13451.61;13882.44;14266.76;14673.98;15140.82;15768.27;16290.33;16599.92;16843.64;16972.63;16817.60;17175.85;17671.41;17866.90;18190.67;18448.79;18713.35;19388.28;19737.24;19763.84;19601.26;19744.89;19781.96;20102.23;20291.23;19903.46;18697.22;18944.41;18937.25
Jamaica;;;;;;;2761.26;2778.84;2906.53;3033.25;3355.43;3389.61;3938.67;3663.77;3456.22;3400.88;3134.72;3021.15;2989.18;2923.99;2719.61;2753.57;2762.26;2763.86;2674.57;2560.79;2581.41;2766.53;2869.40;3051.28;3159.36;3290.14;3330.94;3617.77;3639.52;3695.01;3646.81;3570.87;3456.52;3468.98;3479.06;3505.00;;;;;;;;;;
Japan;7774.71;8486.97;9157.32;9832.73;10867.05;11376.56;12472.46;13726.06;15442.80;17014.34;16650.84;17210.27;18398.72;19712.75;19103.05;19380.84;20002.73;20680.66;21574.82;22567.08;23021.73;23806.77;24444.20;25021.27;25972.89;27449.52;28055.17;29064.22;31008.78;32540.50;34236.71;35265.24;35465.93;35439.02;35623.49;36177.03;37026.23;37518.58;36674.25;36531.78;37291.71;37342.14;37363.29;37911.69;38793.62;39295.31;39965.86;40837.27;40433.00;38242.02;39971.79;39578.07
Jersey;;;;;;;;;;;;;;;;;;;;;;;;;;;;;;;;;;;;;;;;;;;;;;;;;;;;
Jordan;;;;;;;;;;;;;;;;1118.72;1341.56;1377.25;1605.12;1686.26;1931.68;1945.67;2007.45;1967.26;2057.32;2053.81;2117.77;2100.99;1990.73;1662.05;1617.88;1473.12;1660.04;1660.02;1676.31;1723.09;1706.17;1709.60;1708.13;1734.70;1764.23;1811.87;1870.86;1901.47;2015.05;2129.78;2250.27;2380.51;2497.54;2577.48;2579.38;2588.67
Kazakhstan;;;;;;;;;;;;;;;;;;;;;;;;;;;;;;;1611.71;1425.49;1350.87;1234.75;1094.95;1022.93;1043.73;1078.38;1076.31;1115.95;1229.00;1397.29;1534.16;1671.21;1818.96;1977.74;2166.32;2332.29;2380.09;2345.86;2481.68;2629.91
Kenya;261.12;233.45;247.60;260.89;265.16;261.82;290.66;290.61;303.42;316.55;291.49;343.76;388.30;396.54;397.81;386.78;380.71;401.46;413.43;428.45;435.56;435.08;425.09;414.59;406.27;408.28;421.87;431.12;441.98;446.96;450.17;441.71;424.14;412.40;410.60;416.46;421.94;412.92;415.71;414.60;406.52;411.07;402.63;403.68;413.32;426.52;442.02;461.02;456.25;456.77;470.58;478.22
Kiribati;;;;;;;;;;;1217.66;1169.54;1289.63;1534.60;2194.08;2272.76;1641.07;1539.30;1526.75;1323.25;720.27;680.61;710.63;756.82;730.59;681.47;676.98;642.15;743.24;665.47;670.26;629.77;640.19;653.95;677.32;661.54;691.42;718.19;783.58;771.06;812.28;773.14;805.95;826.79;819.34;785.37;769.22;773.02;743.14;714.62;713.56;715.29
North Korea;;;;;;;;;;;;;;;;;;;;;;;;;;;;;;;;;;;;;;;;;;;;;;;;;;;;
South Korea;1153.71;1180.01;1176.48;1255.24;1316.35;1351.03;1486.77;1541.55;1683.82;1879.80;1993.65;2113.44;2163.41;2375.96;2497.23;2595.13;2824.03;3058.25;3292.16;3462.55;3358.23;3510.05;3709.40;4048.95;4323.28;4572.11;5011.20;5515.29;6044.03;6390.01;6895.47;7473.61;7841.15;8247.88;8872.01;9548.01;10119.30;10491.08;9701.67;10546.81;11346.66;11710.58;12478.06;12764.27;13303.82;13801.83;14446.36;15113.35;15349.85;15325.94;16219.39;16684.21
"United Korea (former)
";;;;;;;;;;;;;;;;;;;;;;;;;;;;;;;;;;;;;;;;;;;;;;;;;;;;
Kosovo;;;;;;;;;;;;;;;;;;;;;;;;;;;;;;;;;;;;;;;;;1087.76;1380.24;1369.63;1442.89;1479.57;1535.41;1614.51;1702.50;1805.41;1842.91;1899.46;1973.73
Kuwait;;;;;;;;;;;;;;;;;;;;;;;;;;;;;;;;;;;;21085.46;21210.33;21078.64;20798.95;19398.22;19434.40;18905.86;18906.40;21586.83;23107.47;24715.55;25034.05;25100.03;25308.08;23116.34;23114.59;24286.12
Kyrgyz Republic;;;;;;;;;;;;;;;;;;;;;;;;;;;398.06;403.45;448.71;451.69;468.35;424.58;361.41;305.45;244.19;228.65;241.25;261.33;262.82;268.41;279.62;291.72;289.00;306.10;323.66;319.47;325.86;350.34;376.19;382.40;376.08;393.19
Lao;;;;;;;;;;;;;;;;;;;;;;;;;206.46;211.15;215.52;206.65;196.92;218.63;226.79;229.96;236.05;243.28;256.34;267.66;279.63;292.37;297.78;313.41;325.59;338.47;352.78;368.46;386.01;407.24;435.66;461.66;490.30;519.31;555.52;591.86
Latvia;;;;;;1558.05;1610.39;1784.94;1889.23;1959.06;2101.86;2248.11;2344.53;2459.55;2556.61;2711.31;2846.47;2920.95;3001.37;3082.81;3201.33;3326.57;3389.07;3545.05;3725.56;3687.35;3829.75;3879.47;4035.93;4243.77;3912.25;3435.71;2364.54;2291.46;2381.16;2392.54;2511.36;2746.62;2903.58;3064.87;3300.93;3593.67;3853.08;4153.93;4538.85;5046.86;5695.36;6296.23;6055.66;4993.18;5011.20;5330.57
Lebanon;;;;;;;;;;;;;;;;;;;;;;;;;;;;;4304.22;2461.63;3066.73;4129.43;4170.91;4299.35;4484.61;4642.36;4775.78;4591.05;4694.89;4615.53;4612.20;4718.17;4794.65;4865.71;5147.69;5129.40;5103.49;5436.65;5895.08;6350.33;6745.66;6896.23
Lesotho;132.23;132.38;149.96;162.84;172.97;173.31;169.24;183.98;179.60;178.69;178.87;184.22;180.13;222.98;242.09;204.54;221.60;263.07;303.12;303.65;287.53;281.90;281.55;265.60;286.09;293.51;288.88;262.91;280.73;294.33;307.69;309.27;326.16;330.94;343.42;343.11;352.33;357.40;369.93;364.92;379.78;390.60;390.60;403.82;409.28;416.54;430.35;446.32;465.69;474.17;495.66;518.98
Liberia;608.03;608.16;601.60;600.37;615.77;629.17;660.45;686.89;700.90;732.11;759.95;775.59;785.55;746.50;759.92;712.55;729.03;719.83;733.06;734.50;682.40;645.53;608.24;577.91;551.97;539.39;527.99;524.74;519.39;386.27;192.01;167.51;110.71;75.06;58.46;54.51;58.08;111.86;134.79;155.26;185.81;219.77;284.37;188.40;175.58;186.80;196.95;217.14;228.11;247.50;263.71;279.22
Libya;;;;;;;;;;;;;;;;;;;;;;;;;;;;;;;;;;;;;;;;6366.40;6479.71;6084.63;5891.72;6529.36;6681.91;7194.62;7458.77;7736.54;7865.25;7885.47;;
Liechtenstein;;;;;;;;;;;32622.11;32495.68;32447.18;32452.21;32477.17;32500.35;33504.54;34539.91;35609.03;36719.01;37874.39;39097.85;37898.79;37543.87;38591.08;40723.64;41781.44;45037.39;46959.87;48438.16;48888.63;49118.49;50223.91;51715.00;54551.23;57024.69;60209.33;63781.81;67918.18;74111.49;75606.20;74180.37;72597.83;70395.67;71777.37;74525.01;80275.88;82308.44;83186.91;81647.10;;
Lithuania;;;;;;;;;;;;;;;;;;;;;;;;;;;;;;;4290.78;4040.37;3184.89;2680.76;2435.80;2535.38;2687.14;2909.23;3153.93;3142.30;3267.35;3505.70;3759.52;4162.58;4492.77;4873.50;5287.14;5839.15;6041.41;5179.58;5332.53;5793.29
Luxembourg;13702.91;14098.63;14116.21;14450.75;15413.83;15127.47;15185.06;15168.00;15762.38;17249.59;17466.69;17762.37;18706.07;20038.46;20612.02;19048.29;19434.61;19705.44;20471.67;20902.83;21003.70;20826.49;21044.82;21668.11;22985.07;23581.13;25819.35;26666.08;28713.80;31222.04;32473.99;34811.60;34977.33;35960.62;36829.65;36836.02;36888.60;38592.17;40589.27;43416.66;46453.25;47059.30;48473.60;48685.68;50096.42;51927.36;53628.23;56285.28;54881.98;51678.20;52222.58;52056.02
Macao, China;;;;;;;;;;;;;;;;;;;;;;;10028.38;10594.62;11009.00;10616.44;10851.42;11887.07;12307.16;12458.49;13033.76;13158.11;14577.02;15044.12;15422.25;15670.48;15361.73;15083.07;14169.15;13605.60;14128.88;14261.29;15212.89;16755.03;20777.00;22024.05;24595.65;27440.57;27656.91;27459.57;34083.96;40258.81
Macedonia, FYR;;;;;;;;;;;;;;;;;;;;;;;;;;;;;;;2059.42;1918.85;1782.23;1640.56;1603.85;1578.21;1588.98;1603.97;1650.34;1714.40;1785.33;1698.63;1707.89;1751.18;1827.50;1902.30;1993.12;2110.69;2210.20;2185.34;2220.04;2283.80
Madagascar;409.12;407.65;406.97;393.48;399.14;387.61;385.86;397.07;413.53;417.99;428.65;433.79;416.88;395.06;392.07;386.19;364.06;362.37;343.04;366.69;359.94;316.76;303.28;298.43;295.86;291.50;289.23;284.56;285.95;289.09;289.49;263.29;258.54;256.07;248.16;244.69;242.24;243.38;245.08;248.55;252.38;259.43;219.72;234.01;239.00;242.62;247.32;255.09;265.37;245.95;242.69;238.17
Malawi;98.63;103.75;102.00;98.18;98.36;109.03;120.45;126.01;120.44;124.13;121.24;136.78;140.89;139.64;144.91;148.80;151.13;153.28;162.65;164.45;160.22;147.74;147.79;149.33;152.23;152.60;144.46;138.37;134.68;129.94;132.51;141.02;129.36;141.32;126.19;145.64;153.39;155.37;156.97;157.15;155.27;143.70;142.39;146.37;149.43;149.48;148.26;157.62;165.70;175.20;180.90;182.88
Malaysia;812.62;846.51;871.76;905.72;924.63;966.29;1012.77;1023.95;1077.49;1102.06;1139.29;1175.36;1254.43;1367.74;1446.40;1424.17;1552.60;1635.18;1704.36;1820.61;1909.62;1992.33;2057.94;2130.40;2234.91;2149.42;2112.89;2162.54;2308.57;2445.91;2592.52;2764.20;2932.02;3140.83;3344.57;3581.95;3842.64;4022.84;3636.47;3767.64;4005.56;3933.94;4052.88;4194.26;4385.97;4529.60;4695.23;4905.12;5057.83;4901.55;5168.69;5345.21
Maldives;;;;;;;;;;;;;;;;;;;;;;;;;;;;;;;;;;;;1689.97;1805.37;1954.40;2106.20;2218.62;2284.97;2325.15;2427.82;2728.91;3023.91;2721.81;3209.47;3500.11;3874.83;3642.54;3800.49;4030.64
Mali;;;;;;;;163.50;167.05;164.85;172.13;173.55;180.43;174.58;168.76;184.93;206.33;215.50;208.51;225.92;211.99;198.55;185.39;190.25;194.68;169.48;180.86;177.32;177.37;195.09;187.96;186.93;197.72;188.57;185.29;191.58;192.49;199.98;206.26;213.98;214.47;233.30;235.66;245.46;243.13;249.99;255.18;258.03;262.70;266.24;273.25;272.31
Malta;;;;;;;;;;;2074.14;2124.69;2250.60;2345.85;2583.03;3065.68;3569.16;3988.43;4387.67;4799.08;5083.82;5213.70;5219.64;5115.07;5162.19;5203.43;5316.02;5496.56;5910.32;6331.81;6664.64;7011.20;7268.31;7522.27;7877.45;8320.72;8582.79;8972.62;9375.56;9770.36;10377.04;9912.99;10116.00;10062.96;9945.30;10244.27;10405.85;10781.05;11172.28;10822.31;11062.23;11213.54
Marshall Islands;;;;;;;;;;;;;;;;;;;;;;1814.21;1819.75;2007.97;1990.22;1779.77;2113.51;2204.78;2273.26;2149.52;2137.69;2087.44;2195.72;2296.39;2406.12;2581.13;2298.03;2137.10;2067.00;2011.64;2127.49;2242.19;2303.72;2310.92;2310.71;2368.15;2404.74;2464.99;2399.44;2344.62;2437.28;2522.82
Martinique;;;;;;;;;;;;;;;;;;;;;;;;;;;;;;;;;;;;;;;;;;;;;;;;;;;;
Mauritania;373.88;419.93;411.20;391.80;486.34;549.10;535.07;538.77;577.18;568.01;618.09;611.49;589.54;546.24;594.93;548.05;577.70;550.51;532.00;541.53;543.85;546.65;518.78;523.10;492.28;493.34;507.72;503.90;499.30;509.54;487.31;482.74;478.45;492.68;464.42;495.87;510.12;475.82;483.39;505.99;489.51;485.10;474.38;488.49;502.19;532.37;616.11;609.93;615.56;593.22;609.17;623.37
Mauritius;;;;;;;;;;;;;;;;;1627.27;1705.83;1742.70;1775.57;1572.82;1643.01;1712.99;1702.30;1767.39;1877.72;2043.19;2207.44;2339.06;2424.68;2574.74;2660.07;2796.28;2903.76;2981.82;3083.05;3222.20;3363.09;3529.94;3576.34;3861.04;3917.47;3966.16;4068.79;4265.68;4284.36;4419.91;4650.99;4875.99;4998.39;5180.97;5370.83
Mayotte;;;;;;;;;;;;;;;;;;;;;;;;;;;;;;;;;;;;;;;;;;;;;;;;;;;;
Mexico;2455.95;2496.60;2531.24;2652.44;2878.96;2977.54;3068.07;3156.07;3356.69;3373.14;3488.72;3513.39;3689.33;3860.86;3963.78;4070.90;4131.05;4153.55;4405.42;4710.97;5024.44;5345.38;5203.01;4887.02;4965.13;4993.47;4709.21;4698.82;4660.37;4758.73;4902.64;5013.48;5100.45;5107.36;5242.02;4831.82;4994.34;5244.29;5413.09;5536.47;5816.61;5728.97;5702.90;5709.42;5868.92;5982.65;6211.93;6333.08;6327.01;5875.62;6124.71;6288.25
Micronesia, Fed. Sts.;;;;;;;;;;;;;;;;;;;;;;;;;;;1861.10;1839.77;1845.61;1868.76;1894.11;1984.72;2012.00;2124.09;2071.91;2189.55;2108.23;1979.56;2044.55;2079.95;2177.59;2211.77;2216.00;2244.02;2159.53;2196.25;2185.27;2134.37;2074.55;2088.66;2134.04;2168.46
Moldova;;;;;;;;;;;;;;;;;;;;;825.60;812.08;898.18;927.67;949.06;890.28;952.16;955.64;964.65;1007.14;978.98;820.12;580.99;574.64;398.26;394.70;374.93;381.77;357.63;346.02;354.00;376.44;406.74;434.81;468.18;504.53;530.09;547.67;591.32;556.61;596.69;635.51
Monaco;;;;;;;;;;;50458.25;52478.17;54207.36;57001.73;58842.07;57688.28;59786.42;61568.20;63665.04;65442.48;65841.20;65491.67;65911.38;65414.04;65093.17;64977.97;65418.23;65942.14;67895.89;69661.32;70463.66;70192.95;70222.06;68695.23;69311.89;69836.01;69618.47;70151.55;71618.37;73141.26;75382.45;76677.97;77348.90;78229.94;80255.75;81827.96;85942.67;98397.09;108111.21;105147.44;;
Mongolia;;;;;;;;;;;;;;;;;;;;;;425.98;450.06;464.45;479.40;493.31;524.53;527.23;538.98;547.86;519.84;467.42;419.37;402.61;408.13;430.81;436.79;449.90;460.74;470.52;471.47;480.78;498.55;527.82;577.10;610.98;653.81;709.72;760.44;738.56;772.93;893.99
Montenegro;;;;;;;;;;;;;;;;;;;;;;;;;;;;;;;;;;;;;;1563.37;1648.24;1501.81;1555.91;1578.79;1613.15;1656.36;1730.86;1804.05;1958.15;2164.61;2309.47;2173.51;2224.13;2292.50
Montserrat;;;;;;;;;;;;;;;;;;;;;;;;;;;;;;;;;;;;;;;;;;;;;;;;;;;;
Morocco;646.07;613.32;671.58;685.36;675.36;669.29;640.83;685.10;731.66;771.13;786.26;809.45;809.16;818.19;843.60;885.64;957.58;990.75;987.73;1008.91;1018.72;964.55;1029.26;996.55;1013.15;1050.90;1111.69;1059.48;1145.26;1148.90;1172.40;1230.42;1160.35;1129.62;1226.91;1128.77;1248.16;1203.19;1277.78;1267.80;1271.81;1351.27;1379.69;1450.12;1502.88;1530.85;1632.13;1658.86;1733.53;1797.41;1844.35;1908.30
Mozambique;;;;;;;;;;;;;;;;;;;;;202.72;207.79;189.05;156.16;143.73;143.69;139.87;160.66;174.21;184.95;184.47;189.04;173.74;181.96;187.28;186.01;193.94;208.10;224.76;236.97;233.44;254.36;269.45;278.14;292.28;312.16;323.77;339.06;353.76;367.52;383.58;401.57
Myanmar;;;;;;;;;;;;;;;;;;;;;;;;;;;;;;;;;;;;;;;;;;;;;;;;;;;;
Namibia;;;;;;;;;;;;;;;;;;;;;2263.40;2235.44;2179.85;2091.41;2029.26;1974.08;1988.74;1972.39;1903.37;1857.55;1831.06;1912.62;1986.00;1889.24;1969.55;1991.60;1995.28;2019.02;2026.84;2040.35;2061.62;2042.26;2099.89;2150.84;2373.43;2390.60;2512.93;2598.51;2635.61;2575.44;2695.88;2749.27
Nauru;;;;;;;;;;;;;;;;;;;;;;;;;;;;;;;;;;;;;;;;;;;;;;;;;;;;
Nepal;139.08;139.20;139.27;139.26;146.87;142.24;149.17;143.77;141.67;144.79;145.25;140.31;141.41;137.52;142.87;141.60;144.40;145.30;148.16;148.14;141.32;149.53;151.55;143.60;153.81;159.44;162.82;161.71;170.07;173.24;176.93;183.64;186.52;188.95;199.45;201.30;206.82;211.96;213.07;217.14;225.17;230.50;225.52;229.21;234.78;237.11;241.05;244.54;254.69;261.47;269.25;274.87
Netherlands;8562.94;8476.02;8927.99;9127.68;9751.65;10450.06;10597.29;11031.12;11617.61;12222.21;12759.18;13154.39;13348.45;14004.22;14486.25;14375.36;14945.82;15142.66;15400.55;15603.85;15984.15;15750.47;15483.87;15744.56;16162.33;16502.21;16868.26;17085.27;17559.45;18225.89;18858.00;19166.32;19346.49;19453.73;19909.37;20428.59;21027.25;21814.30;22530.82;23429.80;24179.73;24460.07;24322.98;24289.74;24746.84;25194.34;26007.68;26968.62;27348.47;26210.31;26501.05;26634.86
Netherlands Antilles;;;;;;;;;;;;;;;;;;;;;;;;;;;;;;;;;;;;;;;;;;;;;;;;;;;;
New Caledonia;;;;;;7553.99;7083.42;7258.54;8032.85;8968.05;11295.56;11489.35;11328.60;9639.77;10471.32;10816.00;10804.57;10831.77;11760.26;10059.84;9908.48;9150.89;9338.09;9094.68;8937.76;9194.42;9043.37;9391.09;12406.21;13394.33;13562.65;13882.88;13595.23;13293.26;13242.91;13601.46;13385.23;13339.57;12701.15;12557.35;12579.60;;;;;;;;;;;
New Zealand;;;;;;;;;;;;;;;;;;10108.81;10128.74;10365.83;10426.73;10855.63;10811.47;10966.72;11418.25;11436.55;11697.77;11773.48;11723.58;11730.75;11627.11;10933.84;10941.83;11507.25;11955.70;12291.84;12534.38;12589.61;12531.64;13111.00;13375.78;13774.32;14202.16;14529.67;14853.27;15171.59;15103.23;15392.50;15011.18;14778.16;14629.22;14646.42
Ngorno-Karabakh;;;;;;;;;;;;;;;;;;;;;;;;;;;;;;;;;;;;;;;;;;;;;;;;;;;;
Nicaragua;1186.48;1235.36;1338.60;1428.32;1540.42;1629.63;1633.61;1695.65;1667.31;1718.42;1689.47;1692.84;1678.37;1732.28;1918.53;1857.94;1896.03;1993.38;1782.95;1272.90;1293.99;1325.73;1279.42;1303.47;1250.99;1171.44;1133.64;1101.84;944.71;909.03;888.07;865.71;848.12;824.42;832.09;862.05;898.12;916.01;933.17;982.26;1006.63;1021.35;1015.03;1027.13;1068.01;1099.72;1130.96;1172.86;1191.48;1158.88;1179.18;1221.49
Niger;313.91;318.90;341.54;362.83;352.63;365.93;353.80;343.79;334.93;307.23;307.30;315.23;290.22;233.73;246.83;232.94;227.66;238.17;262.40;273.10;259.49;253.84;250.90;232.48;188.12;197.12;203.91;198.42;206.15;202.05;193.50;192.22;173.99;170.78;171.75;170.33;170.19;168.91;180.10;172.93;164.65;170.33;169.47;172.39;166.66;168.17;171.76;171.42;179.83;172.00;179.29;177.06
Nigeria;279.50;274.15;279.30;296.72;304.65;312.57;292.73;241.20;232.86;282.62;345.08;384.90;388.29;399.09;432.13;398.36;421.91;434.00;396.69;411.07;416.34;352.08;342.34;316.23;293.60;314.07;313.82;303.66;325.20;339.82;358.55;366.46;368.10;367.28;359.03;359.43;366.22;367.46;365.75;361.20;371.77;374.17;370.81;399.06;430.58;442.72;458.63;476.21;492.27;513.50;540.69;565.99
Niue;;;;;;;;;;;;;;;;;;;;;;;;;;;;;;;;;;;;;;;;;;;;;;;;;;;;
Norfolk Island;;;;;;;;;;;;;;;;;;;;;;;;;;;;;;;;;;;;;;;;;;;;;;;;;;;;
Northern Cyprus;;;;;;;;;;;;;;;;;;;;;;;;;;;;;;;;;;;;;;;;;;;;;;;;;;;;
Northern Mariana Islands;;;;;;;;;;;;;;;;;;;;;;;;;;;;;;;;;;;;;;;;;;;;;;;;;;;;
Norway;10695.36;11276.39;11500.93;11846.33;12346.17;12898.09;13280.03;13993.29;14189.74;14708.61;14893.98;15620.75;16318.38;16930.40;17468.19;18245.06;19211.62;19922.43;20611.39;21436.45;22330.14;22597.82;22543.12;23337.45;24643.33;25885.11;26834.34;27184.47;26991.90;27148.85;27576.87;28298.10;29126.49;29760.45;31086.29;32219.96;33691.89;35316.75;36048.93;36528.21;37472.67;38025.50;38389.08;38539.90;39830.41;40584.24;41245.81;41904.21;41399.71;40199.35;39970.29;40034.85
Oman;966.52;955.11;1120.73;1142.95;1115.22;1091.50;1117.94;1807.06;3191.60;3887.37;4282.06;4170.30;4411.61;3633.41;3876.83;4598.22;5264.92;5038.65;4589.89;4525.91;4535.63;5017.77;5294.22;5851.69;6490.81;7059.81;6901.13;6411.03;6548.38;7050.86;6773.15;6893.10;7162.82;7300.88;7343.33;7539.62;7677.39;8112.81;8340.06;8342.81;8774.93;9369.33;9511.06;9404.44;9550.96;9723.22;10006.30;10392.29;11385.64;11191.81;11345.43;11701.50
Pakistan;187.47;193.99;197.78;209.68;219.92;236.70;243.99;250.50;261.56;268.65;291.13;284.58;279.05;290.42;292.09;295.38;301.16;303.29;317.26;318.49;339.43;354.05;364.47;376.03;381.81;397.16;405.25;417.44;435.11;442.86;449.27;459.18;481.83;478.06;483.58;494.72;505.25;497.00;496.53;502.12;511.70;511.11;517.60;533.00;562.28;594.77;620.30;643.86;642.43;653.61;664.71;672.15
Palau;;;;;;;;;;;;;;;;;;;;;;;;;;;;;;;;7256.43;6611.26;5638.09;5884.42;6355.63;6842.13;6834.19;6820.33;6331.03;6251.98;6258.18;5986.38;5871.07;6126.09;6429.59;6587.72;6519.92;6088.92;5775.14;5756.81;6050.22
Panama;1710.51;1840.06;1936.78;2039.61;2070.58;2194.36;2290.93;2415.09;2508.04;2644.53;2734.77;2916.34;2967.85;3045.61;3038.79;3007.98;2980.12;2939.52;3147.06;3210.48;3170.32;3383.84;3486.05;3257.46;3274.61;3364.43;3412.43;3282.28;2785.49;2771.75;2935.48;3146.64;3335.37;3445.73;3472.02;3461.54;3487.45;3638.83;3828.98;3901.63;3930.99;3879.41;3892.88;3983.35;4207.06;4431.13;4726.88;5210.72;5643.90;5767.71;6109.59;6654.39
Papua New Guinea;425.56;444.16;464.10;474.05;504.66;545.08;564.42;574.27;585.28;618.08;667.30;689.95;708.23;732.72;730.30;703.56;661.18;648.93;685.89;680.08;646.78;627.68;612.91;615.69;597.36;605.36;618.02;619.72;622.47;598.94;566.87;605.85;672.82;775.56;800.99;754.72;792.08;741.28;694.66;689.13;654.67;637.31;620.41;618.21;619.54;626.31;627.12;656.36;683.98;705.01;744.21;793.20
Paraguay;662.86;691.17;682.19;690.04;698.02;716.09;705.26;745.05;748.32;759.12;776.23;798.57;829.79;868.53;917.74;952.10;993.77;1074.74;1165.95;1263.94;1411.49;1488.68;1391.89;1310.31;1311.28;1324.27;1286.92;1305.47;1350.71;1391.03;1396.74;1394.92;1406.98;1426.76;1445.13;1488.95;1461.48;1472.34;1449.26;1397.89;1323.48;1323.46;1243.34;1244.50;1263.92;1331.11;1352.98;1450.18;1483.74;1406.36;1578.64;1657.58
Peru;1647.25;1718.65;1809.00;1822.62;1887.53;1924.82;2028.19;2046.60;1997.49;2016.45;2075.56;2102.93;2103.97;2156.48;2291.86;2305.76;2287.83;2235.88;2183.31;2250.40;2261.40;2364.53;2294.36;1976.50;2031.68;2041.39;2195.47;2319.07;2071.75;1790.98;1664.25;1666.74;1627.87;1673.75;1854.12;1978.02;1992.58;2093.21;2045.29;2031.63;2060.58;2036.16;2110.14;2167.73;2248.41;2374.30;2529.84;2725.82;2961.79;2955.19;3180.37;3359.52
Philippines;691.68;706.55;716.11;741.94;743.27;758.33;768.18;785.41;800.56;813.97;820.63;840.67;861.42;911.84;917.78;941.76;996.16;1022.76;1045.88;1074.30;1098.40;1104.66;1113.17;1103.02;994.46;896.96;902.81;916.82;953.24;986.62;991.40;961.97;942.64;940.56;959.65;982.03;1016.31;1045.46;1016.78;1025.55;1048.07;1055.81;1071.69;1102.22;1153.02;1185.38;1225.05;1283.47;1314.23;1307.14;1383.40;1413.37
Pitcairn;;;;;;;;;;;;;;;;;;;;;;;;;;;;;;;;;;;;;;;;;;;;;;;;;;;;
Poland;;;;;;;;;;;;;;;;;;;;;;;;;;;;;;;3100.71;2872.97;2936.20;3038.23;3192.29;3409.58;3619.55;3873.50;4065.01;4249.28;4454.08;4532.01;4599.56;4780.65;5039.12;5223.68;5552.50;5932.47;6235.76;6332.96;6574.30;6854.46
Portugal;2368.67;2479.73;2624.74;2767.72;2940.75;3173.31;3327.72;3601.55;3938.01;4057.77;4610.25;4936.85;5340.80;5937.17;5921.85;5453.16;5665.98;5920.23;6021.61;6293.34;6511.37;6559.60;6658.84;6616.55;6467.24;6630.64;6898.93;7341.16;7899.15;8420.19;8771.93;9169.19;9267.16;9066.31;9134.13;9500.35;9823.83;10222.96;10707.75;11097.16;11470.90;11621.12;11624.77;11438.68;11549.80;11586.96;11716.01;11966.00;11949.11;11590.61;11747.59;11551.92
Puerto Rico;3767.41;4055.07;4270.35;4612.41;4844.57;5203.12;5504.71;5804.75;6043.08;6524.05;7002.48;7327.09;7714.16;7999.26;7839.01;7499.97;7766.22;8154.24;8580.01;8993.06;9022.37;9016.14;8648.30;8600.23;9138.38;9235.88;9894.65;10283.98;10852.03;11284.84;11607.89;11791.67;12250.47;12712.01;13121.59;13592.42;13751.70;14289.42;14993.25;15722.54;16192.13;17177.50;17312.68;17311.04;17831.02;18004.28;18053.79;17717.88;17487.72;17183.32;16910.46;
Qatar;;;;;;;;;;;;;;;;;;;;;;;;;;;;;;;;;;;;;;;;;30052.76;30179.55;31497.59;31134.03;34380.19;32224.01;32070.96;31424.32;31214.36;30546.65;32356.41;36152.67
Reunion;;;;;;;;;;;;;;;;;;;;;;;;;;;;;;;;;;;;;;;;;;;;;;;;;;;;
Romania;;;;;;;;;;;;;;;;;;;;;1840.84;1840.66;1905.78;2015.46;2128.05;2116.64;2157.61;2166.34;2145.41;2011.93;1895.95;1665.78;1532.30;1557.58;1621.77;1741.41;1816.45;1710.51;1631.97;1614.92;1650.97;1769.60;1887.90;1991.65;2164.63;2260.22;2444.05;2595.60;2844.64;2606.87;2636.79;2633.02
Russia;;;;;;;;;;;;;;;;;;;;;;;;;;;;;;2693.10;2602.25;2465.39;2106.22;1925.83;1685.85;1618.12;1564.12;1590.70;1510.54;1613.70;1775.14;1870.05;1967.52;2121.29;2285.36;2442.96;2654.20;2888.85;3043.67;2806.41;2928.01;3054.73
Rwanda;224.96;208.91;225.70;197.50;167.76;174.20;180.88;187.65;194.82;209.77;215.63;211.58;205.63;206.10;202.45;191.86;221.88;218.92;231.13;250.13;263.70;269.49;266.42;274.06;253.92;255.43;257.74;245.48;245.93;240.14;234.88;236.92;267.10;264.64;139.50;191.28;206.98;217.17;214.40;211.23;214.23;222.93;246.09;245.11;257.72;275.11;291.06;304.59;328.65;338.77;352.54;370.59
St. Barthlemy;;;;;;;;;;;;;;;;;;;;;;;;;;;;;;;;;;;;;;;;;;;;;;;;;;;;
St. Helena;;;;;;;;;;;;;;;;;;;;;;;;;;;;;;;;;;;;;;;;;;;;;;;;;;;;
St. Kitts and Nevis;;;;;;;;;;;;;;;;;;2712.81;2908.74;3184.42;3390.81;3401.65;3322.58;3319.45;3749.88;4075.74;4567.67;4982.34;5452.72;5888.14;6042.37;6098.78;6333.16;6788.24;7168.52;7465.03;7978.79;8546.15;8775.28;8767.19;9406.29;9507.07;9564.66;9426.09;9465.44;10265.82;10607.88;10761.45;11123.62;10226.39;9856.21;9944.17
St. Lucia;;;;;;;;;;;;;;;;;;;;;2316.18;2358.68;2068.20;2125.85;2587.01;2399.67;2715.33;2729.10;3016.57;3245.19;3952.46;4001.61;4246.65;4270.08;4246.36;4303.10;4486.08;4425.82;4636.19;4691.48;4900.50;4609.28;4578.56;4737.99;5078.46;4924.83;5315.87;5332.84;5551.04;5492.63;5463.08;5469.97
St. Martin;;;;;;;;;;;;;;;;;;;;;;;;;;;;;;;;;;;;;;;;;;;;;;;;;;;;
St. Vincent and the Grenadines;1324.50;1364.31;1396.63;1294.20;1327.36;1325.13;1311.55;1174.77;1238.79;1261.36;1382.43;1408.20;1752.45;1540.51;1389.05;1269.46;1386.43;1411.11;1563.41;1600.41;1618.03;1702.53;1769.89;1833.75;1927.68;2031.22;2151.70;2234.59;2545.51;2595.53;2715.50;2724.47;2924.16;2926.02;2837.15;2865.62;2905.05;3292.82;3465.54;3619.47;3683.78;3741.21;3969.43;4262.47;4431.16;4532.38;4872.78;5031.53;5095.99;4980.80;4839.22;4844.77
St.-Pierre-et-Miquelon;;;;;;;;;;;;;;;;;;;;;;;;;;;;;;;;;;;;;;;;;;;;;;;;;;;;
Samoa;;;;;;;;;;;;;;;;;;;;;;;1126.82;1129.57;1141.64;1182.91;1243.18;1243.20;1218.36;1255.55;1191.78;1155.80;1144.43;1181.39;1141.06;1204.35;1278.95;1275.74;1292.91;1310.13;1391.21;1480.68;1538.65;1606.07;1677.81;1742.15;1771.58;1798.39;1870.23;1769.09;1769.57;1797.17
San Marino;;;;;;;;;;;13112.42;13238.05;13658.67;14579.35;15302.61;14854.45;15710.68;15855.13;16076.04;16733.89;17029.61;16928.91;16780.16;16774.21;17115.36;17392.66;17684.32;18042.86;18586.67;18994.06;19153.49;19202.04;19095.06;20493.96;21659.11;23420.93;24351.10;24764.51;26430.17;28525.31;28698.32;29673.76;29003.25;29345.53;29966.54;30075.92;30808.28;31590.46;31993.20;;;
Sao Tome and Principe;;;;;;;;;;;;;;;;;;;;;;;;;;;;;;;;;;;;;;;;;544.00;;;;;;;;;;;
Saudi Arabia;;;;;;;;;6961.58;7101.90;7636.05;8768.69;10344.03;12383.02;15008.81;14979.49;15989.03;16181.58;15130.62;15657.49;15683.72;15413.94;12858.76;11094.09;10146.83;9209.92;9230.67;8491.08;8837.33;8528.48;8930.38;9433.18;9571.62;9308.41;9143.71;8976.84;9135.05;9256.51;9402.23;9178.25;9400.81;9161.46;8839.19;9144.95;9261.92;9439.86;9440.18;9364.49;9513.38;9294.36;9499.38;9913.76
Senegal;613.63;615.25;597.93;592.43;598.13;588.53;587.45;562.69;579.67;524.78;551.78;533.45;549.33;502.36;507.81;530.83;563.27;534.93;501.78;524.17;494.21;505.69;530.54;488.23;492.04;493.49;493.96;508.57;490.53;494.89;477.00;474.77;466.58;459.02;446.09;457.33;454.43;456.89;471.91;489.42;492.29;501.49;491.46;510.21;525.85;540.59;539.49;550.65;555.91;552.54;560.26;559.97
Serbia;;;;;;;;;;;;;;;;;;;;;;;;;;;;;;;1444.18;1301.25;941.53;649.79;662.99;703.04;760.84;844.17;859.28;765.80;809.28;853.63;889.23;915.38;1002.85;1060.19;1102.68;1166.95;1216.46;1178.60;1194.64;1223.64
Serbia and Montenegro;;;;;;;;;;;;;;;;;;;;;;;;;;;;;;;;;;;;;;;;;;;;;;;;;;;;
Serbia excluding Kosovo;;;;;;;;;;;;;;;;;;;;;;;;;;;;;;;;;;;;;;;;;;;;;;;;;;;;
Seychelles;1174.61;1086.29;1146.80;1231.35;1271.97;2485.94;2475.73;2427.81;2548.72;2488.80;2647.17;2997.73;3116.78;3326.80;3302.00;3342.10;3815.44;3519.06;4197.80;4793.07;4531.96;4113.19;4026.87;3923.04;4067.24;4486.34;4446.92;4610.49;4824.36;5322.88;5645.42;5739.35;6072.95;6355.75;6201.51;6037.65;6242.29;6907.44;7342.88;7334.84;7578.85;7400.25;7266.46;6913.01;6740.38;7208.97;7721.54;8419.72;8151.71;8162.20;8787.77;9279.11
Sierra Leone;223.35;223.83;230.28;230.40;241.76;254.77;254.67;250.32;250.87;267.41;285.29;289.91;287.26;288.40;292.91;292.06;284.96;279.26;279.98;286.37;293.74;295.73;303.32;290.53;295.46;272.84;268.70;279.89;253.12;249.65;254.79;259.89;211.31;216.01;213.51;197.28;207.15;171.79;168.63;152.06;153.48;174.59;212.58;221.29;227.25;234.05;242.89;251.42;259.00;261.37;268.31;278.24
Singapore;2251.39;2478.23;2409.28;2558.07;2506.76;2782.51;3009.80;3303.98;3689.70;4131.20;4628.32;5092.77;5675.69;6187.81;6479.60;6681.03;7081.62;7505.31;8056.02;8702.14;9457.47;9979.84;10236.32;10972.40;11717.81;11624.63;11787.20;12859.32;13926.95;14906.23;15787.90;16339.43;16970.76;18446.17;19767.48;20571.46;21258.53;22305.68;21092.56;22221.38;23814.56;22913.32;23658.87;25110.50;27068.97;28388.87;29925.50;31247.00;30131.62;28949.86;32640.68;33529.83
Slovak Republic;;;;;;;;;;;;;;;;;;;;;;;;;4953.53;5092.38;5271.81;5371.50;5446.84;5486.17;5316.21;4537.92;4231.53;4059.44;4294.39;4532.06;4836.39;5041.89;5254.71;5251.33;5330.40;5526.11;5779.16;6054.50;6357.38;6774.73;7334.11;8094.87;8545.63;8106.26;8427.44;8693.84
Slovenia;;;;;;;;;;;;;;;;;;;;;;;;;;;;;;;8362.39;7613.30;7207.89;7430.53;7835.45;8119.11;8420.54;8849.86;9180.93;9662.97;10045.36;10324.38;10706.21;11013.26;11490.68;11930.46;12588.11;13377.92;13836.19;12613.68;12732.05;12688.65
Solomon Islands;;;;;;;;;;;;;;;;;;;;;;;;;;;;;;;1101.25;1134.94;1243.21;1256.47;1333.83;1403.80;1387.56;1330.73;1318.08;1276.35;1064.51;952.77;900.65;932.77;951.53;975.61;1014.87;1092.94;1141.16;1097.56;1143.79;1214.86
Somalia;;;;;;;;;;;;;;;;;;;;;;;;;;;;;;;;;;;;;;;;;;;;;;;;;;;;
Somaliland;;;;;;;;;;;;;;;;;;;;;;;;;;;;;;;;;;;;;;;;;;;;;;;;;;;;
South Africa;2203.73;2217.85;2289.85;2396.80;2526.48;2689.99;2748.87;2884.27;2940.66;3013.97;3104.02;3163.03;3142.53;3212.64;3333.72;3316.45;3318.59;3246.41;3274.52;3324.78;3463.25;3561.26;3459.79;3309.97;3389.64;3262.74;3180.69;3167.46;3222.65;3226.92;3151.84;3056.09;2929.03;2903.20;2933.72;2960.42;3019.97;3029.77;2974.68;2972.20;3019.95;3039.71;3108.04;3159.24;3264.32;3397.72;3548.09;3704.08;3795.98;3697.67;3753.45;3825.09
South Ossetia;;;;;;;;;;;;;;;;;;;;;;;;;;;;;;;;;;;;;;;;;;;;;;;;;;;;
Spain;3711.10;4112.06;4479.95;4866.99;5074.68;5333.78;5661.99;5835.48;6139.63;6620.92;6830.72;7069.46;7576.68;8093.05;8465.78;8421.51;8600.81;8740.22;8747.25;8673.58;8808.82;8726.87;8788.55;8901.98;9023.89;9199.67;9470.17;9970.86;10455.79;10939.13;11335.55;11597.70;11666.91;11510.72;11753.39;12049.26;12311.99;12754.63;13278.00;13836.70;14413.79;14774.89;14957.32;15165.93;15408.16;15700.53;16074.46;16351.11;16251.84;15523.00;15418.82;15428.32
Sri Lanka;273.71;277.64;280.65;283.94;286.34;286.74;293.91;305.78;315.72;332.86;338.43;338.10;332.23;349.43;357.60;373.55;379.78;392.71;407.67;425.32;441.79;463.82;471.94;487.57;506.32;523.61;536.76;537.82;543.62;548.64;577.24;594.98;615.49;649.76;676.75;704.32;723.11;759.82;786.37;808.48;854.93;855.37;883.46;923.64;960.80;1009.91;1075.63;1138.37;1195.48;1223.69;1308.78;1402.12
Sudan;284.76;278.16;290.44;275.55;266.05;277.36;261.09;258.46;257.08;254.03;261.94;260.40;240.10;234.48;253.46;284.36;321.60;331.13;301.84;277.66;272.85;283.55;290.50;286.88;264.17;240.61;247.17;275.73;268.72;286.17;264.20;277.09;287.83;293.20;288.47;297.92;307.51;331.38;337.00;338.93;358.53;371.78;382.80;400.90;411.73;427.45;464.13;498.57;519.28;536.57;549.86;561.84
Suriname;;;;;;;;;;;;;;;;2489.75;2416.74;2666.00;2859.73;2684.42;2536.23;2532.36;2477.33;2391.12;2283.22;2223.26;2121.69;1808.21;1927.82;2093.27;2049.60;2075.38;2042.46;1869.15;1904.53;1899.80;1897.93;1979.64;1983.03;1938.94;1911.05;1970.21;2036.51;2129.19;2284.29;2359.38;2422.82;2520.59;2599.90;2653.55;2737.33;
Svalbard;;;;;;;;;;;;;;;;;;;;;;;;;;;;;;;;;;;;;;;;;;;;;;;;;;;;
Swaziland;;;;;;;;;;;576.75;637.60;652.79;690.71;708.61;782.95;743.10;727.56;714.56;714.36;779.25;867.52;852.94;838.05;861.21;861.87;928.97;1019.37;1040.31;1128.92;1320.35;1306.47;1317.90;1332.05;1338.05;1374.69;1397.00;1408.60;1443.39;1484.04;1508.18;1523.65;1548.70;1581.32;1625.16;1663.01;1715.68;1773.46;1794.78;1795.98;1811.08;1813.54
Sweden;11360.41;11949.43;12389.80;12976.57;13758.59;14150.46;14309.51;14678.05;15126.82;15773.38;16571.00;16612.83;16942.91;17584.87;18094.69;18483.05;18610.81;18248.80;18514.46;19183.50;19470.06;19407.39;19627.71;19973.88;20808.11;21228.64;21785.29;22463.35;22956.56;23437.66;23492.25;23071.03;22660.08;22065.24;22788.11;23561.67;23903.46;24536.81;25554.39;26724.35;27869.38;28145.51;28750.76;29313.02;30434.45;31271.10;32431.94;33259.26;32798.73;30885.46;32631.19;33630.25
Switzerland;;;;;;;;;;;;;;;;;;;;;29182.93;29488.49;28932.81;28993.13;29758.32;30715.63;31124.13;31419.62;32211.82;33336.22;34208.12;33473.84;33092.33;32751.01;32903.53;32841.56;32855.31;33445.62;34258.14;34571.15;35639.48;35854.93;35650.69;35394.63;36003.23;36737.41;37877.18;38983.88;39324.73;38084.24;38826.84;39170.41
Syria;482.50;517.75;624.12;551.81;583.45;577.37;515.60;539.69;541.20;621.32;577.68;613.67;741.49;655.40;786.45;909.00;975.79;932.30;980.97;983.39;1064.55;1126.17;1110.56;1087.82;1008.40;1035.10;952.81;941.21;1034.20;913.88;955.14;1000.88;1103.26;1127.98;1181.72;1217.77;1240.90;1234.53;1283.07;1207.87;1208.73;1235.56;1269.27;1238.40;1286.01;1330.32;1368.93;1418.05;1452.26;1508.64;1525.81;
Taiwan;;;;;;;;;;;;;;;;;;;;;;;;;;;;;;;;;;;;;;;;;;;;;;;;;;;;
Tajikistan;;;;;;;;;;;;;;;;;;;;;;;;;;457.07;458.35;438.50;484.01;439.66;426.07;387.37;270.04;222.17;172.27;148.73;122.09;122.40;127.12;130.17;139.41;152.16;164.60;179.93;197.31;215.90;180.09;216.54;259.14;265.59;278.94;295.36
Tanzania;;;;;;;;;;;;;;;;;;;;;;;;;;;;;292.00;293.78;304.64;300.90;292.69;286.54;281.92;283.43;288.25;290.78;294.17;300.92;307.99;318.26;332.37;346.07;363.35;379.68;394.22;410.68;428.76;441.51;458.79;473.88
Thailand;320.91;328.06;342.29;358.59;371.59;389.94;420.37;443.03;464.91;480.88;520.24;530.07;537.13;575.77;585.47;598.92;638.90;685.53;739.31;762.31;785.02;814.62;841.51;871.62;904.41;928.67;961.49;1033.08;1149.18;1268.33;1390.52;1492.80;1599.21;1718.03;1858.00;2011.83;2109.05;2057.07;1819.18;1877.31;1943.24;1962.24;2042.80;2164.30;2277.56;2359.64;2458.52;2562.72;2608.25;2531.23;2712.51;2699.12
Timor-Leste;;;;;;;;;;;;;;;;;;;;;;;;;;;;;;;;;;;;;;;;337.87;380.92;324.80;319.33;304.83;303.59;319.49;299.89;324.64;361.14;395.44;420.60;451.98
Togo;176.57;196.08;201.69;209.46;235.20;264.35;278.76;281.38;281.98;299.02;295.08;285.81;299.34;303.55;311.31;312.12;299.37;313.72;341.03;315.78;352.04;329.95;307.49;280.69;285.99;291.77;286.82;279.25;288.94;292.41;284.43;276.24;260.05;216.55;243.66;256.17;270.65;299.55;282.85;280.49;270.00;258.46;249.75;256.07;255.66;252.95;257.40;257.57;258.04;261.05;265.92;273.11
Tokelau;;;;;;;;;;;;;;;;;;;;;;;;;;;;;;;;;;;;;;;;;;;;;;;;;;;;
Tonga;;;;;;;;;;;;;;;;;;;;;;1294.41;1352.45;1377.89;1400.90;1490.95;1519.39;1560.56;1526.63;1528.32;1493.74;1586.98;1588.96;1646.37;1725.20;1785.21;1780.03;1771.15;1811.52;1872.86;1926.00;1984.41;2040.25;2071.57;2078.98;2115.03;2067.54;1969.00;1980.45;2025.51;2069.23;2162.15
Transnistria;;;;;;;;;;;;;;;;;;;;;;;;;;;;;;;;;;;;;;;;;;;;;;;;;;;;
Trinidad and Tobago;3342.31;3744.36;3799.70;3975.40;4238.36;4217.64;4323.84;4337.56;4483.76;4532.10;4629.76;4629.98;4858.50;4905.13;5054.71;5083.81;5352.20;5770.84;6264.44;6394.87;6947.66;7140.71;7293.32;6502.54;6028.61;5702.01;5457.89;5168.99;4937.16;4869.14;4911.86;5007.59;4887.10;4778.19;4911.23;5071.29;5240.66;5354.50;5743.77;5970.33;6311.11;6544.68;7044.09;8033.10;8637.57;9102.42;10264.67;10714.74;10959.66;10555.89;10515.63;10047.90
Tunisia;;691.45;712.48;782.72;804.04;807.30;817.29;801.42;866.87;890.33;914.49;995.31;1152.83;1125.22;1192.84;1251.48;1319.18;1330.05;1378.30;1429.56;1495.13;1536.37;1489.26;1519.26;1575.25;1614.30;1541.62;1603.81;1569.66;1576.79;1661.29;1692.17;1787.36;1791.16;1814.97;1828.18;1930.42;2007.69;2080.66;2177.27;2245.34;2327.44;2340.81;2454.34;2576.34;2653.59;2776.26;2921.99;3023.40;3083.99;3143.53;3050.89
Turkey;1582.57;1560.21;1606.05;1708.96;1759.62;1767.92;1922.78;1970.69;2060.05;2099.09;2120.95;2190.74;2302.07;2325.05;2401.53;2518.19;2722.42;2755.91;2738.35;2662.81;2540.36;2603.25;2633.69;2701.01;2818.24;2875.98;3016.95;3241.65;3257.92;3210.73;3448.00;3413.64;3525.16;3731.73;3499.09;3713.62;3923.86;4154.44;4184.29;3982.20;4189.48;3894.65;4077.77;4234.68;4569.41;4887.37;5154.66;5323.68;5288.42;4968.58;5356.00;5741.41
Turkmenistan;;;;;;;;;;;;;;;;;;;;;;;;;;;;756.76;819.35;764.39;1007.37;934.40;772.12;762.12;614.33;557.51;583.75;509.06;537.84;618.97;645.28;665.86;660.56;675.13;701.52;784.47;860.71;944.67;1070.42;1121.74;1209.79;1370.43
Turks and Caicos Islands;;;;;;;;;;;;;;;;;;;;;;;;;;;;;;;;;;;;;;;;;;;;;;;;;;;;
Tuvalu;;;;;;;;;;;;;;;;;;;;;;;;;;;;;;;1128.08;1162.08;1188.32;1231.08;1351.77;1278.70;1197.67;1312.65;1510.28;1480.32;1458.95;1474.65;1581.09;1518.82;1489.59;1426.19;1457.39;1540.39;1643.09;1611.69;1559.98;1576.21
Uganda;;;;;;;;;;;;;;;;;;;;;;;187.80;192.60;185.92;173.87;168.55;169.01;176.42;180.99;186.05;189.79;189.84;199.06;205.19;221.83;234.71;239.44;243.85;255.70;255.78;260.74;274.60;283.08;292.68;301.26;323.08;339.06;356.84;370.54;379.99;392.71
Ukraine;;;;;;;;;;;;;;;;;;;;;;;;;;;;1405.90;1435.60;1483.94;1386.60;1267.33;1141.12;978.24;757.64;670.49;608.82;595.96;589.88;594.28;635.71;701.21;745.04;821.71;928.16;960.23;1037.31;1125.96;1158.11;991.10;1036.84;1094.68
United Arab Emirates;;;;;;;;;;;;;;;;56037.96;55799.56;58384.48;50264.17;54290.69;61374.75;59768.83;52612.69;47658.01;47169.82;43114.97;34618.24;33712.77;30904.91;32727.86;36597.67;34957.05;34255.84;32928.57;33445.28;33926.34;34073.54;34921.61;33194.72;32489.23;34395.15;33592.37;33297.07;34669.33;35316.34;33288.11;31929.80;28427.10;25573.73;22507.00;21088.26;21058.44
United Kingdom;10025.35;10205.45;10253.59;10579.78;11040.79;11276.04;11443.85;11645.43;12050.67;12246.97;13042.15;13248.14;13682.10;14654.40;14399.17;14302.77;14707.53;15060.07;15571.79;15985.16;15618.15;15406.08;15734.18;16298.88;16707.75;17269.89;17921.26;18699.04;19596.43;19991.40;20087.05;19746.19;19721.74;20111.73;20919.22;21498.79;22061.55;22732.54;23463.04;24125.48;25057.61;25686.65;26214.97;27105.18;27752.91;28354.04;28913.10;29771.30;29287.76;27933.78;28244.34;28272.41
United States;13723.24;13808.06;14426.76;14846.33;15490.74;16277.37;17136.35;17374.54;18027.61;18405.72;18228.92;18622.34;19441.38;20394.99;20104.54;19868.27;20746.80;21491.82;22461.79;22914.56;22630.52;22978.98;22310.24;23105.52;24554.40;25338.56;25965.88;26549.88;27388.62;28098.40;28298.45;27849.88;28401.47;28834.56;29655.07;30050.99;30827.99;31831.46;32847.35;34053.36;35081.92;35116.22;35427.91;36021.31;36931.39;37718.01;38349.40;38710.89;38208.76;36539.23;37329.62;37691.03
Uruguay;4182.12;4231.30;4113.19;4071.38;4123.41;4121.47;4203.51;4009.72;4049.13;4255.51;4331.95;4308.07;4246.46;4257.19;4377.41;4634.34;4797.72;4840.95;5067.76;5344.77;5618.85;5669.09;5082.62;4531.01;4450.50;4486.83;4851.21;5206.31;5250.33;5274.01;5253.94;5401.62;5788.06;5898.53;6281.94;6146.71;6465.21;6973.36;7249.31;7076.22;6914.36;6633.48;6120.26;6178.86;6491.61;6967.47;7233.91;7685.22;8211.66;8382.83;9096.79;9581.06
USSR;;;;;;;;;;;;;;;;;;;;;;;;;;;;;;;;;;;;;;;;;;;;;;;;;;;;
Uzbekistan;;;;;;;;;;;;;;;;;;;;;;;;;;;;643.36;685.44;689.95;684.72;666.98;578.55;552.55;513.63;499.89;498.76;514.90;528.46;545.28;558.22;574.35;590.06;607.73;647.01;684.30;725.35;783.03;839.91;892.75;941.67;992.76
Wallis et Futuna;;;;;;;;;;;;;;;;;;;;;;;;;;;;;;;;;;;;;;;;;;;;;;;;;;;;
Vanuatu;;;;;;;;;;;;;;;;;;;;1242.09;1071.43;1088.72;1176.89;1309.35;1402.74;1384.60;1351.47;1282.59;1231.34;1219.73;1327.36;1331.30;1326.41;1298.02;1377.68;1358.47;1361.61;1402.89;1438.36;1416.95;1469.76;1385.04;1290.02;1301.98;1323.37;1355.82;1418.08;1472.20;1524.25;1538.08;1522.38;1522.53
Venezuela;5437.47;5403.44;5650.19;5660.02;6070.15;6108.35;5996.80;5969.10;6203.92;6048.18;6302.71;6184.44;6054.36;6265.70;6177.16;6137.76;6383.13;6548.06;6472.94;6308.08;5841.28;5620.50;5340.35;4991.69;4923.36;4800.96;4981.42;5030.86;5194.64;4637.39;4823.49;5175.67;5366.58;5263.65;5029.95;5119.60;5005.25;5218.15;5132.02;4733.82;4818.71;4890.93;4377.38;3966.50;4610.49;5000.08;5401.42;5777.63;5984.14;5700.88;5528.36;5671.91
West Bank and Gaza;;;;;;;;;;;;;;;;;;;;;;;;;;;;;;;;;;;1228.83;1245.63;1225.62;1320.21;1428.82;1501.02;1369.19;1126.82;978.56;1002.90;1029.05;1056.30;;;;;;
West Germany;;;;;;;;;;;;;;;;;;;;;;;;;;;;;;;;;;;;;;;;;;;;;;;;;;;;
Western Sahara;;;;;;;;;;;;;;;;;;;;;;;;;;;;;;;;;;;;;;;;;;;;;;;;;;;;
Vietnam;;;;;;;;;;;;;;;;;;;;;;;;;198.53;201.97;202.84;205.00;210.38;220.60;227.49;236.65;252.58;268.29;287.14;309.41;332.94;354.51;369.24;381.10;401.55;423.83;448.60;475.97;506.94;543.36;581.58;623.96;656.31;684.00;722.81;757.40
Virgin Islands (U.S.);;;;;;;;;;;;;;;;;;;;;;;;;;;;;;;;;;;;;;;;;;;;;;;;;;;;
North Yemen (former);;;;;;;;;;;;;;;;;;;;;;;;;;;;;;;;;;;;;;;;;;;;;;;;;;;;
South Yemen (former);;;;;;;;;;;;;;;;;;;;;;;;;;;;;;;;;;;;;;;;;;;;;;;;;;;;
Yemen;;;;;;;;;;;;;;;;;;;;;;;;;;;;;;;464.84;470.77;484.30;479.08;487.97;494.60;499.01;508.39;523.13;527.37;543.71;547.62;552.07;555.42;560.00;573.49;573.90;575.25;578.32;582.62;608.60;528.40
Yugoslavia;;;;;;;;;;;;;;;;;;;;;;;;;;;;;;;;;;;;;;;;;;;;;;;;;;;;
Zambia;547.44;538.95;510.15;511.21;556.48;629.57;576.54;603.31;592.07;571.03;579.27;559.83;591.05;565.74;581.98;549.94;565.03;521.79;507.80;476.61;475.27;488.32;459.34;435.95;420.81;414.39;404.68;403.06;415.85;399.98;387.29;377.18;361.48;376.68;335.71;317.94;331.02;332.64;317.56;316.04;318.93;326.59;329.74;338.88;349.09;359.07;372.08;385.12;396.34;410.32;434.66;443.92
Zimbabwe;389.02;400.33;392.94;403.91;386.49;392.40;385.63;404.58;399.39;434.57;515.24;542.53;567.90;562.99;580.22;550.34;535.21;482.80;454.77;454.12;501.26;543.03;535.88;523.15;493.36;507.83;499.65;487.67;506.99;516.73;537.00;551.99;490.48;485.11;519.50;510.75;553.88;559.54;567.45;556.30;534.79;539.66;490.39;406.88;383.71;362.58;351.17;339.65;280.31;296.55;322.56;347.75
land;;;;;;;;;;;;;;;;;;;;;;;;;;;;;;;;;;;;;;;;;;;;;;;;;;;;
South Sudan;;;;;;;;;;;;;;;;;;;;;;;;;;;;;;;;;;;;;;;;;;;;;;;;;;;;
Christian;;;;;;;;;;;;;;;;;;;;;;;;;;;;;;;;;;;;;;;;;;;;;;;;;;;;
Coastline;;;;;;;;;;;;;;;;;;;;;;;;;;;;;;;;;;;;;;;;;;;;;;;;;;;;
Curaao;;;;;;;;;;;;;;;;;;;;;;;;;;;;;;;;;;;;;;;;;;;;;;;;;;;;
Sint Maarten (Dutch part);;;;;;;;;;;;;;;;;;;;;;;;;;;;;;;;;;;;;;;;;;;;;;;;;;;;
St. Martin (French part);;;;;;;;;;;;;;;;;;;;;;;;;;;;;;;;;;;;;;;;;;;;;;;;;;;;
Antarctica;;;;;;;;;;;;;;;;;;;;;;;;;;;;;;;;;;;;;;;;;;;;;;;;;;;;
Virgin Islands, British;;;;;;;;;;;;;;;;;;;;;;;;;;;;;;;;;;;;;;;;;;;;;;;;;;;;
Hawaiian Trade Zone;;;;;;;;;;;;;;;;;;;;;;;;;;;;;;;;;;;;;;;;;;;;;;;;;;;;
U.S. Pacific Islands;;;;;;;;;;;;;;;;;;;;;;;;;;;;;;;;;;;;;;;;;;;;;;;;;;;;
Wake Island;;;;;;;;;;;;;;;;;;;;;;;;;;;;;;;;;;;;;;;;;;;;;;;;;;;;
Bonaire;;;;;;;;;;;;;;;;;;;;;;;;;;;;;;;;;;;;;;;;;;;;;;;;;;;;
Sark;;;;;;;;;;;;;;;;;;;;;;;;;;;;;;;;;;;;;;;;;;;;;;;;;;;;
Chinese Taipei;;;;;;;;;;;;;;;;;;;;;;;;;;;;;;;;;;;;;;;;;;;;;;;;;;;;
Saint Eustatius;;;;;;;;;;;;;;;;;;;;;;;;;;;;;;;;;;;;;;;;;;;;;;;;;;;;
Saba;;;;;;;;;;;;;;;;;;;;;;;;;;;;;;;;;;;;;;;;;;;;;;;;;;;;
